order_id,date,customer,product,category,amount
1,2026-03-28,Customer_196,Tablet,Electronics,95294
2,2026-01-05,,,Electronics,55218
3,2026-02-17,Customer_361,Laptop,Electronics,17948
4,2026-03-18,Customer_201,Speaker,Electronics,33393rs
5,2026-03-09,Customer_485,Headphones,Electronics,39893
6,2026-04-05,Customer_280,Speaker,electronics,37834
7,2026-03-30,Customer_10,Camera,Electronics,71155
8,2026-02-01,Customer_295,Mobile,Electronics,93137
9,2026-04-23,Customer_143,Smartwatch,Electronics,96922rs
10,2026-01-03,Customer_480,Headphones,Electronics,95483rs
11,2026-04-26,Customer_141,Tablet,Electronics,18691
12,2026-03-15,,Smartwatch,Electronics,21830
13,2026-02-25,,Smartwatch,Electronics,N/A
14,2026-04-24,Customer_174,Tablet,Electronics,24656
15,2026-02-07,Customer_5,Camera,Electronics,76552
16,2026-05-01,Customer_148,Camera,Electronics,N/A
17,2026-04-23,Customer_774,Speaker,Electronics,87823
18,2026-03-07,Customer_217,Laptop,Electronics,82378rs
19,2026-03-28,Customer_298,Smartwatch,Electronics,59908
20,2026-01-30,Customer_43,Laptop,Electronics,59959
21,2026-04-20,Customer_641,Laptop,Electronics,51003
22,2026-03-26,Customer_378,Camera,Electronics,39102
23,2026-04-26,Customer_437,Laptop,Electronics,66081
24,2026-03-28,Customer_369,Mobile,Electronics,42517
25,2026-04-07,Customer_732,Speaker,Electronics,68848
26,2026-01-10,Customer_489,Smartwatch,Electronics,65056
27,2026-04-19,Customer_346,Laptop,Electronics,695
28,2026-01-30,Customer_724,Smartwatch,Electronics,74286rs
29,2026-04-04,Customer_449,Mobile,Electronics,64928
30,2026-03-29,Customer_669,Tablet,Electronics,2788
31,2026-03-27,Customer_2,Smartwatch,Electronics,66034
32,2026-02-14,Customer_664,Laptop,Electronics,70081
33,2026-03-18,Customer_5,Speaker,Electronics,85052
34,2026-03-20,Customer_164,,Electronics,10711
35,2026-01-16,Customer_9,Tablet,Electronics,54105
36,2026-01-04,Customer_800,Mobile,Electronics,7987
37,2026-02-03,Customer_264,Headphones,Electronics,70572
38,2026-01-22,Customer_290,Speaker,Electronics,11496
39,2026-04-19,Customer_189,Laptop,Electronics,84367rs
40,2026-04-23,Customer_387,Smartwatch,Electronics,N/A
41,2026-03-20,Customer_615,Smartwatch,Electronics,95265rs
42,2026-01-04,Customer_124,Camera,Electronics,57916
43,2026-04-17,Customer_597,Speaker,Electronics,60277
44,2026-04-27,Customer_721,,Electronics,72542
45,2026-01-10,Customer_647,,Electronics,27506
46,2026-03-19,Customer_364,Mobile,Electronics,2799rs
47,2026-03-24,Customer_418,Laptop,Electronics,22485
48,2026-01-02,Customer_574,Laptop,Electronics,73803
49,2026-01-22,Customer_129,Tablet,Electronics,4955
50,2026-02-03,Customer_703,Tablet,Electronics,77313
51,2026-01-01,Customer_243,Smartwatch,Electronics,50410
52,2026-05-01,Customer_196,Mobile,Electronics,83590
53,2026-01-20,Customer_601,Headphones,Electronics,9128
54,2026-04-18,Customer_118,Smartwatch,Electronics,12971
55,2026-02-14,Customer_83,Mobile,Electronics,44511
56,2026-04-07,,Smartwatch,Electronics,20359
57,2026-01-03,Customer_785,Tablet,Electronics,3952
58,2026-03-01,Customer_255,Smartwatch,Electronics,63108
59,2026-02-15,Customer_770,Speaker,Electronics,6822
60,2026-04-24,Customer_489,Speaker,Electronics,40786
61,2026-04-02,Customer_272,Speaker,Electronics,38209
62,2026-04-05,,Headphones,Electronics,82409
63,2026-04-16,Customer_485,Tablet,Electronics,26503
64,2026-03-30,Customer_32,Mobile,Electronics,N/A
65,2026-02-08,Customer_740,,Electronics,96449
66,2026-04-28,Customer_122,Mobile,Electronics,26483
67,2026-02-03,Customer_30,Tablet,Electronics,51807
68,2026-01-15,Customer_378,Smartwatch,Electronics,19787
69,2026-04-12,Customer_378,Smartwatch,Electronics,65843
70,2026-03-02,Customer_421,Headphones,Electronics,47646
71,2026-02-06,Customer_47,Tablet,Electronics,89116
72,2026-02-11,Customer_63,Camera,Electronics,78773
73,2026-04-25,Customer_164,Headphones,Electronics,2302
74,2026-04-02,Customer_465,,Electronics,1335
75,2026-03-05,Customer_531,Headphones,Electronics,56192
76,2026-05-01,Customer_85,Camera,Electronics,63940
77,2026-03-28,Customer_87,Tablet,Electronics,28549
78,2026-03-05,Customer_150,Mobile,Electronics,86244
79,2026-02-08,Customer_641,Smartwatch,Electronics,23027
80,2026-04-24,Customer_364,Tablet,Electronics,61830
81,2026-02-09,Customer_256,Smartwatch,Electronics,58858
82,2026-02-16,Customer_222,Headphones,Electronics,74536
83,2026-03-02,Customer_427,Headphones,Electronics,22152
84,2026-04-15,Customer_638,Mobile,electronics,72711
85,2026-02-06,Customer_173,Smartwatch,Electronics,16681
86,2026-03-08,Customer_797,Speaker,Electronics,13827
87,2026-02-28,Customer_713,Camera,Electronics,11161
88,2026-03-28,Customer_491,Camera,Electronics,35868
89,2026-02-24,Customer_149,Laptop,Electronics,64821
90,2026-03-31,Customer_177,Tablet,electronics,49457
91,2026-01-12,Customer_474,Smartwatch,Electronics,97610
92,2026-04-07,Customer_643,Smartwatch,Electronics,43353
93,2026-04-06,Customer_499,Mobile,Electronics,11877
94,2026-03-09,Customer_512,Camera,Electronics,22946
95,2026-02-09,Customer_214,Smartwatch,Electronics,92848
96,2026-01-26,Customer_426,Speaker,Electronics,83697
97,2026-04-15,Customer_276,Tablet,electronics,10905
98,2026-04-16,Customer_214,Smartwatch,electronics,49219
99,2026-04-10,Customer_350,Laptop,Electronics,85469
100,2026-03-27,Customer_564,Smartwatch,Electronics,17645
101,2026-03-21,Customer_637,Smartwatch,Electronics,84858
102,2026-01-22,Customer_515,Laptop,Electronics,52896
103,2026-02-02,Customer_426,Laptop,Electronics,4492
104,2026-01-10,Customer_272,Camera,Electronics,82583
105,2026-04-20,Customer_98,Tablet,Electronics,19781
106,2026-01-17,Customer_546,Speaker,Electronics,17271
107,2026-03-21,Customer_796,Speaker,Electronics,33613
108,2026-02-06,Customer_78,Laptop,Electronics,93886
109,2026-03-24,Customer_350,Mobile,Electronics,67627
110,2026-02-10,Customer_120,Camera,Electronics,N/A
111,2026-01-29,Customer_195,Headphones,Electronics,62508
112,2026-04-30,Customer_572,Headphones,Electronics,93791
113,2026-04-25,Customer_246,Smartwatch,Electronics,26906
114,2026-01-01,Customer_41,Camera,Electronics,6585
115,2026-03-14,Customer_658,Tablet,Electronics,22272
116,2026-01-22,Customer_496,Tablet,Electronics,55917
117,2026-01-13,Customer_539,Headphones,Electronics,8784
118,2026-01-24,Customer_31,Smartwatch,Electronics,28875
119,2026-01-01,Customer_511,Speaker,Electronics,56125
120,2026-02-26,Customer_761,Speaker,Electronics,60745
121,2026-03-29,Customer_366,Speaker,Electronics,98470
122,2026-01-03,Customer_126,Laptop,Electronics,72559
123,2026-04-28,Customer_88,Speaker,Electronics,17217
124,2026-03-11,Customer_322,Speaker,Electronics,32575
125,2026-04-28,Customer_553,Smartwatch,Electronics,60347
126,2026-03-26,Customer_509,Smartwatch,Electronics,7539
127,2026-01-17,Customer_197,Speaker,Electronics,64920
128,2026-02-07,Customer_299,Headphones,Electronics,60307
129,2026-04-22,Customer_554,Headphones,Electronics,74664
130,2026-01-05,Customer_247,Mobile,Electronics,71179
131,2026-04-04,Customer_520,Headphones,Electronics,66210rs
132,2026-03-29,Customer_482,Laptop,Electronics,48799
133,2026-01-16,Customer_662,Mobile,electronics,41484
134,2026-02-18,Customer_529,Tablet,Electronics,84284
135,2026-02-06,Customer_289,,Electronics,7913
136,2026-03-12,Customer_344,Mobile,Electronics,65070
137,2026-03-01,Customer_52,Laptop,Electronics,13697
138,2026-03-22,,Laptop,Electronics,11818
139,2026-01-11,Customer_261,Smartwatch,Electronics,46391
140,2026-04-09,Customer_304,Laptop,Electronics,58348
141,2026-01-23,Customer_508,Headphones,Electronics,3456
142,2026-02-14,Customer_668,Headphones,Electronics,51619
143,2026-03-28,Customer_191,Headphones,Electronics,87044
144,2026-04-26,Customer_289,Smartwatch,Electronics,94257
145,2026-03-30,Customer_287,,Electronics,67470rs
146,2026-02-24,Customer_631,Smartwatch,electronics,84721
147,2026-04-14,Customer_130,Headphones,Electronics,29548
148,2026-04-11,Customer_538,Laptop,Electronics,27954
149,2026-04-08,Customer_592,Speaker,Electronics,6340
150,2026-01-05,Customer_31,Camera,Electronics,66787
151,2026-02-05,Customer_121,Smartwatch,Electronics,35597
152,2026-03-12,Customer_786,Tablet,Electronics,44584
153,2026-02-28,Customer_728,Speaker,Electronics,85659
154,2026-03-25,Customer_184,Laptop,Electronics,53188
155,2026-04-16,Customer_206,Mobile,Electronics,84534
156,2026-03-22,Customer_146,Laptop,Electronics,52316
157,2026-03-13,Customer_457,Speaker,Electronics,15324
158,2026-02-15,Customer_462,Speaker,Electronics,8597
159,2026-01-13,Customer_697,Laptop,Electronics,71658
160,2026-01-24,Customer_727,Headphones,Electronics,58965
161,2026-01-15,Customer_266,Camera,Electronics,54756
162,2026-03-10,Customer_642,Laptop,Electronics,61042
163,2026-04-01,,Smartwatch,Electronics,16393
164,2026-01-01,Customer_490,Speaker,Electronics,77372
165,2026-02-20,Customer_548,,Electronics,38674
166,2026-04-05,Customer_92,Mobile,Electronics,30512
167,2026-01-01,Customer_18,Camera,Electronics,46676
168,2026-04-17,Customer_147,Speaker,Electronics,86989
169,2026-03-31,Customer_104,Speaker,Electronics,32429
170,2026-04-02,Customer_628,Camera,Electronics,N/A
171,2026-04-18,Customer_547,Headphones,Electronics,2322
172,2026-03-12,Customer_487,Speaker,Electronics,6482
173,2026-01-18,Customer_134,Camera,Electronics,45570
174,2026-02-06,Customer_591,Headphones,Electronics,76317
175,2026-03-25,Customer_328,Camera,Electronics,62800
176,2026-04-21,Customer_142,Tablet,Electronics,1125
177,2026-03-23,Customer_553,Headphones,Electronics,32994
178,2026-04-11,Customer_773,Mobile,Electronics,73771
179,2026-03-06,Customer_121,Headphones,Electronics,69836
180,2026-04-15,Customer_81,Smartwatch,Electronics,96921
181,2026-04-28,Customer_486,Smartwatch,Electronics,N/A
182,2026-01-04,Customer_390,Camera,Electronics,89672
183,2026-02-12,Customer_601,Tablet,Electronics,81334
184,2026-03-12,Customer_578,Tablet,Electronics,99146
185,2026-03-02,Customer_187,Camera,Electronics,42040
186,2026-01-30,Customer_755,Laptop,Electronics,86413
187,2026-03-16,Customer_191,Headphones,Electronics,75275
188,2026-02-11,Customer_536,Smartwatch,Electronics,79734
189,2026-03-21,Customer_363,Speaker,Electronics,70900
190,2026-03-11,Customer_461,Tablet,Electronics,6037
191,2026-02-09,Customer_326,Speaker,Electronics,4118
192,2026-01-17,Customer_161,Laptop,Electronics,6490
193,2026-01-05,Customer_96,Headphones,Electronics,59493
194,2026-03-23,Customer_653,Tablet,Electronics,29156
195,2026-01-26,Customer_437,Smartwatch,Electronics,73551
196,2026-01-22,Customer_683,Tablet,Electronics,29087
197,2026-01-22,Customer_571,Camera,Electronics,75724
198,2026-04-09,Customer_671,Smartwatch,Electronics,77865
199,2026-04-23,Customer_114,Laptop,Electronics,3508
200,2026-01-20,Customer_774,Headphones,Electronics,N/A
201,2026-01-11,Customer_237,Smartwatch,Electronics,8756
202,2026-01-04,Customer_664,Tablet,Electronics,9026
203,2026-04-30,Customer_10,Laptop,Electronics,86140
204,2026-04-24,Customer_34,Speaker,Electronics,42673
205,2026-03-31,Customer_215,Speaker,Electronics,71552
206,2026-01-16,Customer_630,Speaker,Electronics,55650
207,2026-01-21,Customer_241,Smartwatch,electronics,68383
208,2026-04-13,Customer_453,Laptop,Electronics,5484rs
209,2026-01-12,Customer_714,Camera,Electronics,21058
210,2026-04-17,Customer_82,Camera,Electronics,97018
211,2026-04-20,Customer_97,Headphones,Electronics,38327
212,2026-03-17,Customer_396,Headphones,Electronics,86955
213,2026-02-20,Customer_778,Mobile,Electronics,8358
214,2026-01-08,Customer_192,Mobile,Electronics,52688
215,2026-03-07,Customer_657,Speaker,Electronics,70867
216,2026-04-12,Customer_490,Mobile,Electronics,17910
217,2026-04-27,Customer_165,Speaker,electronics,31395
218,2026-01-19,Customer_575,Speaker,Electronics,38556
219,2026-04-05,Customer_394,,Electronics,20121
220,2026-03-31,Customer_171,Laptop,Electronics,909
221,2026-02-01,Customer_588,Headphones,Electronics,63095
222,2026-04-23,Customer_310,Headphones,Electronics,15895
223,2026-02-12,Customer_639,Camera,Electronics,13900
224,2026-01-30,Customer_633,Headphones,Electronics,3441
225,2026-04-17,Customer_228,Laptop,Electronics,N/A
226,2026-01-06,Customer_165,Smartwatch,Electronics,1033
227,2026-04-25,Customer_559,Mobile,Electronics,86202
228,2026-03-24,Customer_108,Mobile,Electronics,20692
229,2026-02-23,Customer_295,Smartwatch,Electronics,40273
230,2026-02-28,Customer_696,,Electronics,73709
231,2026-01-05,Customer_108,Smartwatch,Electronics,28573
232,2026-03-14,Customer_96,Speaker,electronics,87412
233,2026-01-31,Customer_421,Tablet,Electronics,69110
234,2026-01-22,,Laptop,Electronics,59795
235,2026-04-07,Customer_798,Mobile,Electronics,54066rs
236,2026-03-13,Customer_657,Headphones,Electronics,38411
237,2026-03-05,Customer_578,Camera,Electronics,7392
238,2026-01-08,Customer_376,Smartwatch,electronics,N/A
239,2026-03-05,Customer_468,Mobile,Electronics,98577
240,2026-02-01,Customer_175,Headphones,Electronics,78416
241,2026-01-22,Customer_625,Headphones,Electronics,94420
242,2026-02-01,Customer_235,Headphones,Electronics,4610
243,2026-04-18,Customer_785,Laptop,Electronics,35509
244,2026-03-18,Customer_563,Speaker,Electronics,45246
245,2026-04-20,Customer_281,Smartwatch,Electronics,91656
246,2026-03-12,Customer_695,Tablet,Electronics,25933
247,2026-02-07,,Tablet,Electronics,90573rs
248,2026-04-28,Customer_511,Camera,Electronics,25094
249,2026-04-05,Customer_735,Tablet,Electronics,57555
250,2026-01-24,Customer_151,Laptop,Electronics,82820
251,2026-05-01,Customer_631,Speaker,Electronics,21632
252,2026-04-05,Customer_540,Tablet,Electronics,18299
253,2026-02-06,,Laptop,Electronics,68012
254,2026-02-19,Customer_111,Speaker,Electronics,10052
255,2026-01-15,,Smartwatch,Electronics,39955
256,2026-03-11,Customer_293,Smartwatch,Electronics,25275
257,2026-03-07,Customer_745,Tablet,Electronics,64515
258,2026-04-28,Customer_769,Laptop,electronics,94828
259,2026-01-31,Customer_564,Speaker,Electronics,39354
260,2026-02-26,Customer_486,Headphones,Electronics,10579
261,2026-01-16,Customer_728,Mobile,Electronics,99541
262,2026-02-26,Customer_732,Smartwatch,Electronics,76940
263,2026-04-29,Customer_726,,Electronics,37703
264,2026-02-04,,Speaker,Electronics,75646
265,2026-02-18,,Mobile,Electronics,55449
266,2026-03-10,Customer_285,Laptop,Electronics,33728
267,2026-04-12,Customer_744,Smartwatch,Electronics,86872
268,2026-01-20,Customer_684,Speaker,Electronics,6929
269,2026-04-01,Customer_379,Mobile,Electronics,47327
270,2026-01-01,Customer_57,Tablet,Electronics,52807
271,2026-03-26,Customer_318,Mobile,Electronics,24671
272,2026-03-12,Customer_302,Smartwatch,Electronics,15049
273,2026-04-20,Customer_26,,Electronics,78216
274,2026-02-10,Customer_26,Laptop,Electronics,76415rs
275,2026-03-14,Customer_132,Mobile,electronics,31771
276,2026-04-01,Customer_727,Headphones,Electronics,96425
277,2026-02-07,Customer_772,Camera,electronics,41118
278,2026-01-03,Customer_4,Tablet,Electronics,25024rs
279,2026-03-14,,Speaker,Electronics,43573
280,2026-04-03,Customer_643,Tablet,Electronics,39413
281,2026-01-26,Customer_619,,Electronics,46188rs
282,2026-03-08,,Mobile,Electronics,32022
283,2026-02-06,Customer_598,Tablet,Electronics,27995
284,2026-02-27,Customer_590,Smartwatch,Electronics,12139
285,2026-02-12,Customer_628,Smartwatch,Electronics,42380
286,2026-03-23,Customer_673,Mobile,Electronics,62001
287,2026-02-10,Customer_93,Headphones,Electronics,20633
288,2026-04-05,Customer_768,Smartwatch,Electronics,38464
289,2026-03-09,Customer_31,Smartwatch,Electronics,75802
290,2026-04-29,Customer_573,Mobile,Electronics,51584
291,2026-04-24,Customer_479,Speaker,Electronics,5128
292,2026-04-22,Customer_545,Smartwatch,Electronics,97318
293,2026-02-08,Customer_766,Headphones,Electronics,83068
294,2026-01-30,Customer_514,Tablet,Electronics,79364
295,2026-02-05,,Laptop,Electronics,90635
296,2026-03-19,Customer_330,Laptop,Electronics,85505
297,2026-01-06,Customer_585,Tablet,Electronics,78726
298,2026-03-19,Customer_568,Tablet,Electronics,15411
299,2026-03-15,Customer_628,Smartwatch,Electronics,27857
300,2026-03-25,Customer_774,Mobile,Electronics,46384
301,2026-01-22,Customer_500,Smartwatch,Electronics,72677
302,2026-01-12,Customer_44,Speaker,Electronics,53994
303,2026-02-21,Customer_636,Speaker,Electronics,6454
304,2026-04-22,Customer_474,Laptop,Electronics,47329
305,2026-01-14,Customer_67,Camera,electronics,N/A
306,2026-01-11,Customer_5,Headphones,Electronics,61533
307,2026-04-27,Customer_716,Speaker,Electronics,83219
308,2026-01-27,Customer_46,Speaker,Electronics,N/A
309,2026-04-18,Customer_745,Speaker,Electronics,64630
310,2026-02-18,Customer_110,Smartwatch,Electronics,73538
311,2026-04-12,,Smartwatch,Electronics,81642
312,2026-04-26,Customer_788,Camera,Electronics,95963
313,2026-03-07,Customer_615,Headphones,Electronics,59024
314,2026-03-10,Customer_568,Mobile,Electronics,35247
315,2026-01-23,Customer_507,Laptop,Electronics,45977
316,2026-01-05,Customer_335,Smartwatch,Electronics,38765
317,2026-01-14,Customer_605,Smartwatch,Electronics,19161
318,2026-04-03,Customer_205,Smartwatch,Electronics,7496
319,2026-02-11,Customer_287,Speaker,Electronics,70247rs
320,2026-04-05,Customer_81,Tablet,Electronics,31577
321,2026-03-17,Customer_636,Tablet,Electronics,6068
322,2026-03-07,Customer_567,Mobile,Electronics,N/A
323,2026-01-14,Customer_8,Camera,Electronics,45879
324,2026-02-14,Customer_496,Mobile,Electronics,47741
325,2026-01-23,Customer_680,Headphones,Electronics,30098
326,2026-01-05,Customer_770,,Electronics,11924
327,2026-01-09,Customer_435,Mobile,Electronics,9299
328,2026-03-25,Customer_453,Smartwatch,Electronics,35561
329,2026-03-26,Customer_521,Speaker,Electronics,69431
330,2026-04-28,Customer_487,Laptop,Electronics,80578
331,2026-03-16,Customer_126,Headphones,Electronics,N/A
332,2026-04-28,Customer_648,Laptop,Electronics,40536
333,2026-02-14,Customer_469,Laptop,Electronics,75606
334,2026-04-19,Customer_528,Mobile,Electronics,9604
335,2026-04-12,Customer_469,Headphones,Electronics,56144
336,2026-04-25,Customer_683,Headphones,Electronics,42633
337,2026-01-29,Customer_208,Speaker,Electronics,4238
338,2026-04-06,Customer_171,Smartwatch,Electronics,63728
339,2026-04-10,Customer_787,Smartwatch,Electronics,37935
340,2026-04-16,Customer_654,Headphones,Electronics,83050rs
341,2026-03-18,Customer_698,Camera,Electronics,87612
342,2026-03-25,Customer_561,Camera,electronics,33314
343,2026-02-14,Customer_58,Camera,Electronics,N/A
344,2026-03-02,Customer_425,Headphones,Electronics,58325
345,2026-01-10,Customer_108,Laptop,Electronics,30146
346,2026-02-01,Customer_104,Mobile,Electronics,16888
347,2026-04-11,Customer_570,Headphones,Electronics,11429
348,2026-01-25,Customer_627,Laptop,electronics,57525
349,2026-01-31,Customer_288,Camera,Electronics,55919
350,2026-01-31,Customer_53,Laptop,Electronics,97065
351,2026-04-14,,Headphones,Electronics,65735
352,2026-03-12,Customer_606,Speaker,Electronics,34810
353,2026-02-10,Customer_323,Tablet,Electronics,46404rs
354,2026-01-19,Customer_148,Speaker,Electronics,29201
355,2026-01-24,Customer_418,Mobile,Electronics,12730
356,2026-04-16,,Camera,Electronics,18704
357,2026-03-21,Customer_596,Smartwatch,Electronics,1681
358,2026-04-21,Customer_465,Camera,Electronics,51481rs
359,2026-04-11,Customer_359,Laptop,Electronics,36348
360,2026-03-19,Customer_284,Speaker,Electronics,29859
361,2026-03-24,Customer_139,Headphones,Electronics,90915
362,2026-01-05,Customer_86,Speaker,Electronics,25419
363,2026-03-22,Customer_563,Headphones,Electronics,4049
364,2026-01-09,Customer_712,Smartwatch,Electronics,58199
365,2026-04-04,Customer_498,Speaker,Electronics,56004
366,2026-04-16,Customer_96,Laptop,Electronics,29163
367,2026-05-01,Customer_505,Speaker,Electronics,78689
368,2026-03-18,Customer_66,Smartwatch,Electronics,32193
369,2026-04-03,Customer_338,Tablet,Electronics,88766
370,2026-03-24,Customer_94,Headphones,Electronics,91561
371,2026-03-27,Customer_424,Tablet,Electronics,27516
372,2026-04-05,Customer_120,Tablet,Electronics,65127
373,2026-01-23,Customer_217,Headphones,Electronics,84223
374,2026-04-16,Customer_342,Tablet,Electronics,47909
375,2026-02-14,Customer_492,Tablet,Electronics,8049
376,2026-02-08,Customer_181,Smartwatch,Electronics,5487rs
377,2026-04-10,Customer_67,Speaker,Electronics,64525
378,2026-03-26,Customer_328,Camera,Electronics,41501
379,2026-04-08,Customer_750,Speaker,Electronics,28055
380,2026-03-06,Customer_215,Tablet,electronics,27452
381,2026-04-02,Customer_206,Speaker,Electronics,72262
382,2026-01-21,Customer_70,Headphones,Electronics,94630
383,2026-04-02,Customer_424,Smartwatch,Electronics,17804
384,2026-04-14,Customer_33,Speaker,Electronics,14968
385,2026-01-21,Customer_450,Camera,Electronics,64441
386,2026-03-28,Customer_269,Headphones,Electronics,93318
387,2026-02-17,Customer_368,Speaker,Electronics,86113
388,2026-03-22,Customer_305,Smartwatch,Electronics,46561
389,2026-03-20,,Smartwatch,Electronics,73334
390,2026-02-15,Customer_137,Speaker,Electronics,N/A
391,2026-02-04,Customer_432,Smartwatch,Electronics,67923
392,2026-01-31,Customer_429,Smartwatch,Electronics,N/A
393,2026-02-05,Customer_742,Speaker,Electronics,8275
394,2026-03-01,Customer_59,Laptop,Electronics,6836rs
395,2026-04-14,Customer_2,Laptop,Electronics,40197
396,2026-01-01,Customer_373,Mobile,Electronics,91142
397,2026-04-30,Customer_116,Smartwatch,Electronics,23750
398,2026-03-09,,Tablet,Electronics,90703
399,2026-02-07,Customer_380,Tablet,Electronics,32697
400,2026-01-03,,Camera,Electronics,12016
401,2026-03-27,Customer_553,Camera,Electronics,72074
402,2026-03-29,Customer_493,Laptop,Electronics,89978
403,2026-01-20,Customer_3,Headphones,Electronics,62131rs
404,2026-04-11,,Speaker,Electronics,87665
405,2026-01-25,Customer_260,Tablet,Electronics,22445
406,2026-01-16,Customer_107,Tablet,Electronics,35907
407,2026-02-20,Customer_179,Smartwatch,Electronics,7776
408,2026-01-12,Customer_724,Laptop,Electronics,56335
409,2026-03-09,Customer_485,Mobile,Electronics,25263
410,2026-01-16,Customer_114,Tablet,Electronics,11351
411,2026-01-13,Customer_115,Headphones,Electronics,88417
412,2026-01-21,Customer_391,Smartwatch,Electronics,24449
413,2026-03-26,Customer_8,Mobile,Electronics,3685
414,2026-01-31,Customer_720,Tablet,Electronics,N/A
415,2026-02-28,Customer_77,Smartwatch,Electronics,32357
416,2026-03-17,Customer_727,Camera,Electronics,84043
417,2026-04-28,Customer_570,Mobile,electronics,52232
418,2026-03-09,Customer_162,Headphones,Electronics,19626
419,2026-04-23,,Headphones,Electronics,76972
420,2026-02-27,Customer_514,Smartwatch,Electronics,68041
421,2026-01-01,Customer_432,Mobile,Electronics,64692
422,2026-01-27,Customer_770,Speaker,Electronics,19904
423,2026-01-06,Customer_101,Tablet,Electronics,73088
424,2026-02-12,Customer_150,Tablet,Electronics,72564
425,2026-03-19,Customer_174,,Electronics,25777
426,2026-03-02,Customer_103,Tablet,Electronics,42348rs
427,2026-04-17,Customer_227,,Electronics,35950
428,2026-01-27,Customer_727,Headphones,Electronics,86331
429,2026-03-06,,Tablet,Electronics,53678
430,2026-03-13,Customer_797,Speaker,Electronics,85423
431,2026-03-19,Customer_80,Camera,Electronics,75740
432,2026-01-23,Customer_14,Speaker,Electronics,68884
433,2026-02-20,Customer_287,Camera,electronics,30032rs
434,2026-01-28,Customer_22,Laptop,Electronics,8295
435,2026-02-13,Customer_635,Smartwatch,Electronics,93716
436,2026-01-05,Customer_146,Camera,Electronics,49648
437,2026-01-09,Customer_492,Speaker,Electronics,51310
438,2026-03-23,Customer_336,Smartwatch,Electronics,61459
439,2026-03-29,Customer_427,Mobile,Electronics,48175
440,2026-01-10,Customer_35,Smartwatch,Electronics,54340
441,2026-01-26,Customer_271,Speaker,Electronics,48935rs
442,2026-02-18,Customer_421,Tablet,Electronics,37798
443,2026-03-15,Customer_775,Laptop,Electronics,47282
444,2026-02-27,Customer_382,Smartwatch,Electronics,69619
445,2026-01-02,Customer_789,Smartwatch,electronics,83616
446,2026-03-02,Customer_477,Mobile,Electronics,31512
447,2026-04-24,Customer_67,Laptop,Electronics,10682
448,2026-04-11,,Camera,Electronics,5678
449,2026-02-27,Customer_317,Tablet,Electronics,20078
450,2026-01-24,Customer_411,Headphones,Electronics,51513
451,2026-01-09,Customer_494,Laptop,Electronics,65478
452,2026-04-13,Customer_387,Laptop,Electronics,82846
453,2026-01-02,Customer_236,Speaker,Electronics,6729
454,2026-03-27,Customer_58,Headphones,Electronics,2689
455,2026-03-13,Customer_330,Smartwatch,Electronics,99910
456,2026-02-27,Customer_238,Smartwatch,Electronics,84181
457,2026-03-19,Customer_671,Tablet,Electronics,64452
458,2026-03-03,Customer_293,Laptop,Electronics,46323
459,2026-01-13,Customer_672,Camera,Electronics,66549
460,2026-04-05,Customer_759,Tablet,Electronics,64398rs
461,2026-03-01,Customer_34,Smartwatch,Electronics,71332rs
462,2026-02-12,Customer_253,Headphones,Electronics,54996
463,2026-04-15,Customer_764,Speaker,Electronics,N/A
464,2026-01-15,Customer_251,Tablet,Electronics,46420
465,2026-03-22,Customer_604,Mobile,Electronics,79403
466,2026-03-21,Customer_794,Camera,Electronics,98820
467,2026-02-17,Customer_171,Camera,Electronics,98058rs
468,2026-03-25,Customer_629,Camera,Electronics,90367
469,2026-04-13,Customer_510,Laptop,Electronics,72719
470,2026-01-17,Customer_513,Headphones,Electronics,63039
471,2026-02-05,Customer_428,Tablet,Electronics,16561
472,2026-03-14,Customer_209,Tablet,Electronics,N/A
473,2026-02-08,Customer_53,Smartwatch,Electronics,43272
474,2026-03-25,Customer_798,Camera,Electronics,29748
475,2026-03-04,Customer_495,Smartwatch,Electronics,39707
476,2026-02-26,Customer_158,Smartwatch,Electronics,81354
477,2026-01-02,Customer_604,Mobile,Electronics,9511
478,2026-03-02,Customer_443,Mobile,Electronics,83579
479,2026-04-27,Customer_45,Camera,Electronics,44820
480,2026-01-19,Customer_625,Speaker,Electronics,16791
481,2026-02-23,Customer_606,Mobile,Electronics,N/A
482,2026-04-14,Customer_529,Tablet,Electronics,18406
483,2026-01-07,Customer_212,Laptop,Electronics,87326
484,2026-01-11,Customer_36,Smartwatch,Electronics,58925
485,2026-01-13,Customer_677,Speaker,Electronics,58680
486,2026-01-25,Customer_213,Laptop,Electronics,29000
487,2026-01-01,Customer_573,Mobile,Electronics,42436
488,2026-01-24,Customer_737,Speaker,Electronics,91307
489,2026-04-23,Customer_625,Smartwatch,Electronics,N/A
490,2026-03-22,Customer_737,Smartwatch,Electronics,4677rs
491,2026-01-08,Customer_777,Camera,Electronics,41694
492,2026-01-31,Customer_789,Headphones,Electronics,71659
493,2026-04-16,Customer_514,Headphones,Electronics,41783
494,2026-04-29,Customer_633,Tablet,Electronics,54251
495,2026-04-30,Customer_595,Mobile,Electronics,91271
496,2026-01-26,Customer_193,Camera,Electronics,98835
497,2026-04-17,Customer_675,Smartwatch,Electronics,34916
498,2026-02-05,Customer_31,Laptop,Electronics,20932
499,2026-02-17,Customer_311,Smartwatch,Electronics,55352
500,2026-04-19,Customer_661,Mobile,Electronics,10904
501,2026-01-14,,Headphones,Electronics,44602
502,2026-01-13,Customer_453,Camera,Electronics,N/A
503,2026-03-24,Customer_339,Speaker,Electronics,27821
504,2026-03-06,Customer_247,Headphones,Electronics,72253
505,2026-01-23,Customer_300,Tablet,Electronics,61529
506,2026-03-21,Customer_371,Laptop,Electronics,50954
507,2026-02-06,Customer_359,Laptop,Electronics,36454
508,2026-03-02,Customer_501,Headphones,Electronics,55998
509,2026-02-03,Customer_469,Mobile,Electronics,10971
510,2026-04-18,,Headphones,Electronics,1883
511,2026-02-26,Customer_299,Mobile,Electronics,59024
512,2026-01-25,,Smartwatch,Electronics,60232
513,2026-01-02,Customer_674,Camera,Electronics,89348
514,2026-03-25,Customer_683,Mobile,Electronics,51718rs
515,2026-01-14,Customer_309,Laptop,Electronics,11887
516,2026-02-20,Customer_15,,Electronics,32982
517,2026-02-24,Customer_689,Headphones,Electronics,6524
518,2026-04-28,Customer_627,Camera,Electronics,83749
519,2026-01-06,Customer_589,Camera,Electronics,44191
520,2026-03-27,Customer_23,Laptop,Electronics,93339
521,2026-02-01,Customer_126,,Electronics,27471
522,2026-01-27,Customer_281,Headphones,Electronics,27023
523,2026-04-14,Customer_702,Camera,Electronics,89019rs
524,2026-02-08,,Mobile,Electronics,40319
525,2026-03-23,Customer_402,Smartwatch,Electronics,86368
526,2026-01-22,Customer_212,Speaker,Electronics,64989
527,2026-03-26,Customer_178,Smartwatch,Electronics,58632
528,2026-01-31,Customer_49,Headphones,Electronics,24977
529,2026-01-30,Customer_365,Camera,Electronics,82989
530,2026-03-22,Customer_523,Mobile,Electronics,50220rs
531,2026-03-29,Customer_660,Speaker,Electronics,9953
532,2026-01-23,Customer_312,Headphones,Electronics,3639
533,2026-03-20,Customer_14,Camera,Electronics,81474
534,2026-04-18,Customer_428,Speaker,electronics,13159
535,2026-03-09,Customer_748,Smartwatch,Electronics,5542
536,2026-02-18,Customer_692,Camera,Electronics,55809
537,2026-01-19,Customer_650,Headphones,Electronics,99027
538,2026-01-30,Customer_733,Tablet,Electronics,1419
539,2026-01-07,Customer_423,Smartwatch,Electronics,71676
540,2026-02-01,Customer_332,Mobile,Electronics,22919
541,2026-04-11,Customer_462,Laptop,Electronics,3159
542,2026-02-16,,Headphones,Electronics,71989
543,2026-01-16,Customer_205,Camera,Electronics,46856
544,2026-04-20,Customer_457,Headphones,Electronics,67019
545,2026-04-12,Customer_83,Smartwatch,Electronics,98870
546,2026-04-23,Customer_338,Speaker,Electronics,N/A
547,2026-04-02,Customer_495,Camera,Electronics,79990
548,2026-02-19,Customer_463,Smartwatch,Electronics,7555
549,2026-01-24,Customer_345,Speaker,Electronics,78413
550,2026-02-12,Customer_214,Smartwatch,Electronics,17216
551,2026-04-17,Customer_397,Tablet,Electronics,47003
552,2026-02-16,Customer_464,Mobile,Electronics,51301
553,2026-04-03,Customer_480,Tablet,Electronics,74232
554,2026-04-15,Customer_488,Smartwatch,Electronics,43439
555,2026-01-24,Customer_570,Smartwatch,Electronics,15962
556,2026-02-09,Customer_250,Camera,electronics,12911rs
557,2026-02-26,Customer_453,Camera,Electronics,55098
558,2026-04-22,,,Electronics,1534
559,2026-03-17,Customer_594,Speaker,Electronics,85385
560,2026-02-26,Customer_663,Laptop,Electronics,70923
561,2026-04-16,Customer_28,Laptop,Electronics,55411
562,2026-02-06,Customer_281,Camera,Electronics,56964
563,2026-03-26,Customer_124,Mobile,Electronics,59958
564,2026-03-31,Customer_188,Smartwatch,Electronics,3475
565,2026-01-27,Customer_436,Smartwatch,Electronics,54220
566,2026-01-01,Customer_733,Headphones,Electronics,98505
567,2026-04-05,Customer_732,Smartwatch,Electronics,11511
568,2026-02-21,Customer_594,Smartwatch,Electronics,68688
569,2026-04-09,Customer_242,Laptop,Electronics,31514
570,2026-01-18,Customer_17,Tablet,Electronics,157
571,2026-02-14,,Smartwatch,Electronics,61999
572,2026-01-18,Customer_606,Smartwatch,Electronics,87958
573,2026-03-27,Customer_39,Speaker,Electronics,90737
574,2026-04-07,Customer_258,Smartwatch,Electronics,40892
575,2026-03-06,,Headphones,Electronics,N/A
576,2026-02-13,Customer_62,Mobile,Electronics,11187
577,2026-01-27,Customer_771,Camera,Electronics,75921
578,2026-02-26,Customer_483,Tablet,Electronics,N/A
579,2026-04-09,Customer_782,Smartwatch,Electronics,42418
580,2026-03-26,Customer_669,Speaker,Electronics,20182
581,2026-02-25,Customer_446,Headphones,Electronics,61231
582,2026-04-18,Customer_1,Laptop,Electronics,94185
583,2026-02-23,Customer_432,Tablet,Electronics,69364
584,2026-04-20,Customer_497,Headphones,Electronics,18347
585,2026-02-02,Customer_65,Laptop,Electronics,20599
586,2026-04-08,Customer_565,Tablet,Electronics,48983
587,2026-03-07,Customer_46,Smartwatch,Electronics,88331
588,2026-01-23,Customer_324,Smartwatch,Electronics,64962
589,2026-01-15,Customer_195,Speaker,Electronics,15229
590,2026-04-30,Customer_764,,Electronics,89831
591,2026-04-24,Customer_197,Laptop,Electronics,27762
592,2026-03-26,Customer_164,Camera,Electronics,37884
593,2026-02-02,Customer_63,Laptop,Electronics,47379
594,2026-04-19,Customer_41,Mobile,Electronics,66889
595,2026-04-26,Customer_105,Camera,Electronics,37937
596,2026-03-20,Customer_119,Smartwatch,Electronics,7431
597,2026-02-20,Customer_713,Speaker,Electronics,76116
598,2026-03-12,Customer_398,Laptop,Electronics,43474
599,2026-03-20,Customer_471,Smartwatch,Electronics,52861
600,2026-03-06,Customer_98,Tablet,Electronics,68504
601,2026-02-04,Customer_494,Tablet,electronics,64620
602,2026-03-09,Customer_724,Smartwatch,Electronics,50135
603,2026-02-13,Customer_103,Speaker,Electronics,63005
604,2026-03-01,Customer_535,Camera,Electronics,88753
605,2026-02-25,Customer_500,Headphones,Electronics,22970
606,2026-01-07,Customer_9,Camera,Electronics,99306
607,2026-02-22,Customer_62,Headphones,Electronics,43995
608,2026-01-13,Customer_647,Laptop,Electronics,39203
609,2026-04-20,Customer_578,Speaker,Electronics,39652
610,2026-01-27,Customer_782,Speaker,Electronics,60826
611,2026-04-18,Customer_255,Headphones,Electronics,N/A
612,2026-04-18,Customer_187,Headphones,Electronics,90141rs
613,2026-02-23,Customer_77,Speaker,Electronics,71203rs
614,2026-03-18,Customer_406,Mobile,Electronics,34693
615,2026-02-08,Customer_100,Mobile,Electronics,39583rs
616,2026-01-10,Customer_550,Laptop,Electronics,17355
617,2026-02-16,,Smartwatch,Electronics,17461
618,2026-03-17,Customer_381,Headphones,Electronics,94004
619,2026-01-13,Customer_374,Speaker,Electronics,19161
620,2026-03-03,Customer_343,Smartwatch,Electronics,82297
621,2026-03-27,Customer_299,Smartwatch,Electronics,27810
622,2026-01-31,Customer_775,Headphones,Electronics,62312
623,2026-01-02,Customer_474,Mobile,Electronics,29679
624,2026-01-30,Customer_517,Laptop,electronics,96021
625,2026-02-14,Customer_658,Headphones,Electronics,97012
626,2026-03-29,Customer_416,,Electronics,66947
627,2026-01-24,,Headphones,electronics,83084
628,2026-04-02,Customer_612,Laptop,Electronics,37060
629,2026-04-12,Customer_761,Laptop,Electronics,65472
630,2026-01-26,Customer_158,,Electronics,95285
631,2026-03-24,,Camera,Electronics,1577
632,2026-02-25,Customer_415,Speaker,Electronics,69240
633,2026-04-19,Customer_162,Headphones,Electronics,17541
634,2026-04-15,Customer_735,Speaker,Electronics,98553
635,2026-03-20,Customer_577,Laptop,Electronics,52392
636,2026-03-18,Customer_31,,Electronics,10148
637,2026-02-11,Customer_114,Tablet,Electronics,1019
638,2026-04-23,Customer_355,Camera,Electronics,16279
639,2026-04-21,Customer_237,Smartwatch,Electronics,23266
640,2026-04-19,Customer_433,,Electronics,44902
641,2026-04-15,Customer_523,Smartwatch,Electronics,1180
642,2026-04-07,Customer_129,Speaker,Electronics,8952
643,2026-04-28,Customer_746,,Electronics,20057
644,2026-04-30,Customer_510,Camera,Electronics,106
645,2026-02-23,Customer_432,Smartwatch,Electronics,N/A
646,2026-03-21,Customer_146,Mobile,Electronics,40213
647,2026-03-27,Customer_373,Tablet,Electronics,13221
648,2026-01-31,Customer_319,,Electronics,7836
649,2026-01-26,Customer_389,Speaker,Electronics,33035
650,2026-01-28,Customer_155,Laptop,Electronics,93769
651,2026-01-23,Customer_449,Camera,Electronics,58644
652,2026-01-07,Customer_609,Camera,Electronics,77485
653,2026-02-28,Customer_295,Laptop,Electronics,3880
654,2026-03-03,Customer_650,Smartwatch,Electronics,61246rs
655,2026-02-08,Customer_395,Laptop,Electronics,18991
656,2026-02-24,Customer_526,Speaker,Electronics,90235
657,2026-01-13,Customer_252,Camera,Electronics,16976
658,2026-03-03,Customer_28,Laptop,Electronics,13181
659,2026-02-05,Customer_45,Smartwatch,Electronics,20768
660,2026-03-02,Customer_82,Speaker,Electronics,67866
661,2026-04-13,,Camera,Electronics,49391
662,2026-02-25,Customer_340,Camera,Electronics,80176
663,2026-01-13,Customer_372,Headphones,Electronics,27601
664,2026-03-19,Customer_62,Speaker,Electronics,54560
665,2026-01-30,Customer_5,Headphones,Electronics,20497
666,2026-03-12,Customer_514,Tablet,Electronics,50434
667,2026-03-06,Customer_608,Tablet,Electronics,18144
668,2026-02-12,Customer_575,Headphones,electronics,10684
669,2026-01-13,Customer_792,Laptop,Electronics,44900
670,2026-03-16,Customer_543,Smartwatch,electronics,91901
671,2026-04-13,Customer_168,Smartwatch,Electronics,71363
672,2026-03-24,Customer_513,Mobile,Electronics,18887rs
673,2026-04-10,Customer_631,Speaker,Electronics,78661
674,2026-04-12,Customer_383,Laptop,Electronics,81738
675,2026-03-15,Customer_708,Speaker,Electronics,90626
676,2026-01-03,Customer_597,Tablet,Electronics,59029
677,2026-01-05,Customer_242,,Electronics,6149
678,2026-04-17,Customer_602,,electronics,42904
679,2026-03-23,Customer_412,Laptop,Electronics,38756
680,2026-01-07,Customer_102,Smartwatch,Electronics,26635
681,2026-03-09,Customer_6,Tablet,Electronics,13794
682,2026-03-17,Customer_204,Speaker,Electronics,46588
683,2026-03-12,Customer_398,Smartwatch,Electronics,87026
684,2026-01-29,Customer_102,Camera,Electronics,32083rs
685,2026-03-02,Customer_567,Tablet,Electronics,3416
686,2026-01-21,Customer_774,Camera,Electronics,84554
687,2026-02-26,Customer_754,,Electronics,37383
688,2026-01-24,Customer_659,Camera,Electronics,61577
689,2026-03-13,Customer_406,Laptop,Electronics,N/A
690,2026-01-03,Customer_680,Speaker,Electronics,69264
691,2026-03-10,Customer_380,Tablet,Electronics,52859
692,2026-03-12,Customer_447,Smartwatch,Electronics,96995
693,2026-04-09,Customer_469,Smartwatch,Electronics,7817
694,2026-04-20,Customer_96,Speaker,Electronics,2519
695,2026-01-15,Customer_335,Camera,Electronics,50062
696,2026-03-20,Customer_765,Speaker,Electronics,60866
697,2026-02-04,Customer_207,Headphones,Electronics,41290
698,2026-01-14,Customer_498,Tablet,Electronics,76754
699,2026-02-07,Customer_687,Smartwatch,Electronics,23580
700,2026-01-04,Customer_30,Tablet,Electronics,62586rs
701,2026-04-13,Customer_716,Mobile,Electronics,79394
702,2026-02-09,Customer_498,Tablet,Electronics,85181
703,2026-02-05,Customer_231,Headphones,Electronics,1723
704,2026-04-01,Customer_295,Camera,Electronics,69425
705,2026-04-18,Customer_531,Headphones,Electronics,93808
706,2026-04-14,Customer_693,Camera,Electronics,46844
707,2026-03-25,Customer_423,,Electronics,41418
708,2026-02-19,Customer_4,,Electronics,N/A
709,2026-04-11,Customer_215,Headphones,Electronics,8059
710,2026-02-01,Customer_106,Laptop,Electronics,48746rs
711,2026-04-27,Customer_582,Headphones,Electronics,66834
712,2026-01-04,Customer_56,Mobile,Electronics,15380
713,2026-03-21,,Mobile,Electronics,87292
714,2026-03-06,Customer_487,Camera,Electronics,14171
715,2026-04-14,,Tablet,Electronics,617
716,2026-04-30,Customer_398,Laptop,Electronics,6818
717,2026-01-23,Customer_701,Tablet,Electronics,85984
718,2026-03-24,Customer_8,Speaker,Electronics,46157
719,2026-04-15,Customer_607,Laptop,Electronics,9748
720,2026-03-10,,Smartwatch,Electronics,54710
721,2026-04-06,Customer_191,Headphones,Electronics,56307
722,2026-02-23,,Tablet,Electronics,90140
723,2026-01-04,Customer_487,Mobile,Electronics,21073
724,2026-03-03,Customer_61,Headphones,Electronics,13187
725,2026-04-11,Customer_64,Headphones,Electronics,89173
726,2026-02-13,Customer_198,Camera,Electronics,33989
727,2026-02-09,Customer_729,Headphones,Electronics,44998
728,2026-01-19,Customer_337,Tablet,Electronics,36372
729,2026-02-20,Customer_109,Speaker,Electronics,29835
730,2026-02-01,Customer_79,Laptop,Electronics,82351
731,2026-01-14,Customer_432,Tablet,Electronics,22024
732,2026-04-19,Customer_365,Mobile,Electronics,55109
733,2026-03-03,,Headphones,Electronics,26167
734,2026-03-21,Customer_492,Laptop,Electronics,71995
735,2026-03-25,Customer_325,Laptop,Electronics,60104
736,2026-03-19,Customer_115,Headphones,Electronics,90861
737,2026-03-07,Customer_498,,Electronics,8849
738,2026-01-07,Customer_175,Smartwatch,Electronics,94046
739,2026-02-10,Customer_183,Speaker,Electronics,42380
740,2026-02-18,Customer_96,Headphones,Electronics,59752
741,2026-01-05,Customer_65,Headphones,Electronics,64557
742,2026-04-16,Customer_542,Headphones,Electronics,76951
743,2026-05-01,Customer_509,Laptop,Electronics,68714
744,2026-03-15,Customer_741,Smartwatch,Electronics,30057
745,2026-04-14,Customer_59,Smartwatch,Electronics,20973
746,2026-01-05,Customer_631,Speaker,Electronics,4253
747,2026-03-01,Customer_520,Headphones,Electronics,51767
748,2026-01-18,Customer_683,Smartwatch,Electronics,52064
749,2026-03-04,Customer_191,Smartwatch,Electronics,85052
750,2026-04-02,Customer_731,Smartwatch,Electronics,83653
751,2026-03-20,Customer_765,Headphones,Electronics,47316
752,2026-04-30,Customer_595,Headphones,Electronics,58362
753,2026-03-27,Customer_229,Camera,Electronics,33618
754,2026-01-30,Customer_671,Mobile,Electronics,30701
755,2026-03-11,Customer_267,Mobile,Electronics,44288
756,2026-04-06,Customer_303,Laptop,Electronics,33102
757,2026-04-18,Customer_161,Mobile,Electronics,67440rs
758,2026-01-13,Customer_610,Smartwatch,Electronics,63541
759,2026-04-19,Customer_612,Smartwatch,Electronics,N/A
760,2026-03-09,Customer_797,Laptop,Electronics,90962
761,2026-03-13,Customer_236,Camera,Electronics,82466
762,2026-03-08,Customer_86,Mobile,Electronics,97312
763,2026-04-07,Customer_15,,Electronics,83209
764,2026-01-12,Customer_30,Laptop,Electronics,61297
765,2026-03-10,Customer_637,Mobile,Electronics,52606
766,2026-01-05,Customer_454,Tablet,Electronics,68373
767,2026-01-14,Customer_183,Speaker,Electronics,35843
768,2026-04-22,,Headphones,Electronics,25161
769,2026-01-06,Customer_423,,Electronics,79858rs
770,2026-02-04,Customer_564,Tablet,Electronics,93904
771,2026-04-15,Customer_748,Laptop,Electronics,79724
772,2026-01-24,Customer_309,Mobile,Electronics,76125
773,2026-01-29,Customer_467,,Electronics,35100
774,2026-03-22,Customer_669,Mobile,Electronics,94102
775,2026-03-14,Customer_292,Tablet,electronics,43314
776,2026-03-01,Customer_793,Smartwatch,Electronics,28387
777,2026-04-27,Customer_753,Mobile,Electronics,61333
778,2026-02-08,Customer_751,Speaker,Electronics,99858
779,2026-02-05,Customer_320,Mobile,Electronics,75664
780,2026-03-11,Customer_110,Smartwatch,Electronics,58166
781,2026-03-17,Customer_660,Smartwatch,Electronics,63434rs
782,2026-02-02,Customer_469,Headphones,Electronics,13431
783,2026-04-02,Customer_448,Mobile,Electronics,91527
784,2026-03-10,Customer_461,Smartwatch,Electronics,69610
785,2026-04-09,Customer_214,Headphones,Electronics,68283
786,2026-03-06,Customer_566,,Electronics,63130
787,2026-02-15,Customer_712,Tablet,Electronics,46238
788,2026-03-31,Customer_494,,Electronics,9669
789,2026-02-25,Customer_228,Tablet,Electronics,27970
790,2026-01-26,Customer_479,Laptop,Electronics,80065
791,2026-03-27,,Smartwatch,Electronics,41278
792,2026-01-13,Customer_160,Laptop,Electronics,76447
793,2026-02-24,Customer_516,Headphones,Electronics,36602
794,2026-02-23,Customer_759,Laptop,Electronics,6660
795,2026-04-15,Customer_169,Laptop,Electronics,44201
796,2026-01-01,Customer_779,Laptop,Electronics,79789
797,2026-03-20,Customer_346,Camera,Electronics,44203rs
798,2026-03-12,Customer_687,Tablet,Electronics,68033
799,2026-04-20,Customer_323,Mobile,Electronics,47036
800,2026-04-09,Customer_549,Mobile,Electronics,11556
801,2026-02-28,Customer_165,Mobile,Electronics,26430
802,2026-03-05,,Camera,Electronics,N/A
803,2026-02-04,Customer_443,Headphones,Electronics,97800
804,2026-03-03,Customer_67,Camera,Electronics,70613
805,2026-02-07,Customer_88,Headphones,Electronics,77123
806,2026-04-07,,Laptop,Electronics,80411
807,2026-03-22,,,Electronics,74141
808,2026-04-26,Customer_742,Smartwatch,Electronics,84742
809,2026-03-17,Customer_514,Speaker,Electronics,35577
810,2026-04-08,Customer_712,Laptop,Electronics,32382
811,2026-02-13,Customer_409,Headphones,Electronics,5867
812,2026-04-01,Customer_512,Smartwatch,electronics,85400
813,2026-04-08,Customer_753,Smartwatch,Electronics,3244
814,2026-04-03,Customer_658,Tablet,Electronics,22955
815,2026-04-10,Customer_692,Smartwatch,Electronics,N/A
816,2026-03-27,Customer_300,Smartwatch,Electronics,27745
817,2026-01-24,Customer_742,Laptop,Electronics,76324
818,2026-01-28,Customer_678,Mobile,Electronics,25276
819,2026-03-26,Customer_610,Speaker,Electronics,73451
820,2026-02-14,Customer_549,Speaker,Electronics,79973
821,2026-01-30,Customer_87,Tablet,Electronics,49157
822,2026-01-12,Customer_234,Headphones,Electronics,97526
823,2026-02-07,Customer_29,,Electronics,14541rs
824,2026-01-30,Customer_68,Camera,Electronics,5853
825,2026-04-18,Customer_356,Speaker,Electronics,36263
826,2026-03-04,Customer_46,,Electronics,N/A
827,2026-04-21,Customer_160,Headphones,Electronics,76597
828,2026-05-01,Customer_320,Laptop,Electronics,69890
829,2026-04-01,Customer_470,Smartwatch,Electronics,N/A
830,2026-02-13,Customer_259,Tablet,Electronics,83383
831,2026-01-16,Customer_508,,Electronics,60956
832,2026-01-18,Customer_278,Speaker,Electronics,79669
833,2026-01-21,Customer_235,Tablet,Electronics,44780
834,2026-02-18,Customer_589,Headphones,Electronics,N/A
835,2026-02-02,Customer_55,Laptop,Electronics,N/A
836,2026-02-17,Customer_587,Camera,Electronics,73623
837,2026-01-19,Customer_117,Camera,Electronics,86471
838,2026-01-05,Customer_82,Tablet,Electronics,9739
839,2026-04-03,Customer_476,Headphones,Electronics,23963
840,2026-03-18,Customer_329,Mobile,Electronics,89111
841,2026-04-15,Customer_222,Tablet,Electronics,7635
842,2026-03-05,,Mobile,Electronics,64333
843,2026-01-06,Customer_7,Mobile,Electronics,7203
844,2026-01-31,Customer_663,Laptop,Electronics,74009
845,2026-03-18,,,Electronics,20757
846,2026-01-11,Customer_400,Speaker,Electronics,77212
847,2026-02-25,Customer_311,Tablet,Electronics,28627
848,2026-04-16,Customer_149,Laptop,Electronics,N/A
849,2026-03-16,Customer_261,Camera,Electronics,99302
850,2026-03-28,Customer_683,,Electronics,25619
851,2026-04-07,Customer_85,Smartwatch,Electronics,86396
852,2026-03-12,Customer_335,Tablet,Electronics,48130
853,2026-03-26,Customer_298,Camera,electronics,79586
854,2026-01-24,Customer_407,Camera,Electronics,34689
855,2026-01-17,Customer_327,Mobile,Electronics,18633
856,2026-03-27,Customer_394,Mobile,Electronics,79926
857,2026-04-15,Customer_45,Mobile,Electronics,14860
858,2026-03-15,Customer_476,Headphones,Electronics,63017
859,2026-02-24,Customer_500,Mobile,Electronics,89235
860,2026-02-26,Customer_672,Tablet,Electronics,28886
861,2026-02-12,Customer_427,Speaker,Electronics,18187
862,2026-01-08,Customer_138,Camera,Electronics,3575
863,2026-01-14,Customer_434,Mobile,Electronics,N/A
864,2026-01-10,Customer_301,Laptop,Electronics,14519
865,2026-03-26,Customer_475,Tablet,Electronics,61178
866,2026-02-14,Customer_787,Tablet,Electronics,79282
867,2026-01-22,Customer_242,Speaker,Electronics,62035
868,2026-03-08,Customer_14,Speaker,Electronics,26269
869,2026-03-08,Customer_205,Headphones,Electronics,25574
870,2026-03-02,Customer_119,Camera,Electronics,50218
871,2026-03-30,Customer_569,Laptop,Electronics,96774
872,2026-04-17,Customer_215,Speaker,Electronics,29733
873,2026-02-13,Customer_695,Headphones,Electronics,35382
874,2026-01-13,Customer_345,Smartwatch,Electronics,51440
875,2026-01-06,Customer_644,Speaker,Electronics,94808
876,2026-04-10,,Smartwatch,Electronics,96506
877,2026-04-16,Customer_439,Smartwatch,electronics,N/A
878,2026-02-05,Customer_699,Smartwatch,Electronics,76230
879,2026-02-14,Customer_432,Speaker,Electronics,27988
880,2026-03-11,Customer_745,Tablet,Electronics,12338
881,2026-02-03,Customer_756,Headphones,Electronics,91871
882,2026-04-06,Customer_268,Camera,Electronics,59419
883,2026-02-24,Customer_399,Smartwatch,Electronics,28166
884,2026-02-06,Customer_562,Laptop,Electronics,3354
885,2026-04-13,Customer_718,Smartwatch,Electronics,14229
886,2026-01-25,Customer_504,Mobile,Electronics,93741
887,2026-03-03,Customer_504,Tablet,Electronics,51565
888,2026-03-03,Customer_764,Headphones,Electronics,28416rs
889,2026-01-21,Customer_229,Tablet,Electronics,49356
890,2026-02-12,Customer_71,Tablet,Electronics,44942
891,2026-04-10,Customer_565,Speaker,Electronics,59316
892,2026-02-26,Customer_112,Mobile,Electronics,68774
893,2026-04-08,Customer_779,Mobile,Electronics,47692
894,2026-04-28,Customer_306,Laptop,Electronics,43154
895,2026-02-06,Customer_324,Headphones,Electronics,595
896,2026-02-23,Customer_127,Smartwatch,Electronics,N/A
897,2026-01-21,Customer_572,Speaker,Electronics,32133
898,2026-01-17,Customer_254,Tablet,Electronics,5875
899,2026-04-22,Customer_751,Speaker,Electronics,37543
900,2026-02-24,Customer_266,Smartwatch,Electronics,25639
901,2026-03-29,Customer_326,Smartwatch,Electronics,N/A
902,2026-01-23,Customer_258,Headphones,Electronics,32382
903,2026-04-08,Customer_429,Smartwatch,Electronics,4040
904,2026-03-20,Customer_546,Laptop,Electronics,46536
905,2026-04-23,Customer_4,Mobile,Electronics,4724
906,2026-03-04,Customer_667,Laptop,Electronics,491
907,2026-01-02,Customer_13,Smartwatch,Electronics,49032
908,2026-02-08,Customer_235,Speaker,Electronics,79427
909,2026-02-09,Customer_81,Speaker,Electronics,N/A
910,2026-04-12,Customer_69,Smartwatch,Electronics,75139
911,2026-03-09,Customer_372,Camera,Electronics,31416
912,2026-03-14,Customer_247,Smartwatch,Electronics,26569
913,2026-03-27,Customer_106,Laptop,Electronics,59272
914,2026-01-14,Customer_27,Smartwatch,Electronics,43416
915,2026-03-12,Customer_407,Tablet,Electronics,52606
916,2026-01-14,Customer_696,Camera,Electronics,19265
917,2026-03-04,Customer_37,Speaker,Electronics,N/A
918,2026-01-15,Customer_246,Laptop,Electronics,44634
919,2026-03-05,Customer_693,Speaker,Electronics,41108
920,2026-02-14,Customer_796,Mobile,Electronics,11781
921,2026-03-11,Customer_23,Mobile,Electronics,62688
922,2026-02-04,Customer_800,Speaker,Electronics,56253
923,2026-01-26,Customer_768,Smartwatch,Electronics,44450
924,2026-01-30,Customer_314,Mobile,Electronics,9941
925,2026-02-11,Customer_402,Speaker,Electronics,64582
926,2026-03-25,Customer_326,Camera,Electronics,12421
927,2026-01-03,Customer_514,Tablet,Electronics,94078
928,2026-01-28,Customer_627,,Electronics,69360
929,2026-01-01,Customer_465,Speaker,Electronics,20234
930,2026-01-17,Customer_109,Camera,Electronics,N/A
931,2026-03-15,Customer_113,Laptop,Electronics,96374
932,2026-01-26,Customer_42,Tablet,Electronics,2637
933,2026-02-24,,Laptop,Electronics,7661
934,2026-04-02,Customer_533,Camera,Electronics,24074
935,2026-03-25,Customer_735,Camera,Electronics,45188
936,2026-02-04,Customer_78,Speaker,Electronics,15061
937,2026-03-26,Customer_63,Speaker,Electronics,42188
938,2026-03-18,Customer_731,,Electronics,74150
939,2026-01-23,Customer_743,Smartwatch,Electronics,55697
940,2026-03-11,Customer_626,Laptop,Electronics,28206
941,2026-02-22,Customer_502,Headphones,electronics,30788
942,2026-02-16,Customer_723,Headphones,Electronics,17851
943,2026-02-16,Customer_632,Mobile,Electronics,42605
944,2026-01-07,Customer_422,Headphones,Electronics,80579
945,2026-04-07,Customer_519,,Electronics,24116
946,2026-01-24,Customer_595,Camera,Electronics,64777
947,2026-04-19,Customer_204,Mobile,Electronics,22151
948,2026-04-20,Customer_718,Smartwatch,Electronics,37117
949,2026-03-10,Customer_466,Headphones,Electronics,74750
950,2026-01-16,Customer_655,Headphones,Electronics,9408
951,2026-03-31,Customer_381,Smartwatch,Electronics,74331
952,2026-01-01,Customer_455,Tablet,Electronics,31591
953,2026-03-09,Customer_641,Mobile,Electronics,68325
954,2026-04-05,Customer_380,,Electronics,50595
955,2026-03-24,Customer_59,Speaker,Electronics,25257
956,2026-02-21,Customer_479,Laptop,Electronics,60868
957,2026-04-05,,Laptop,Electronics,89441
958,2026-03-30,Customer_258,Camera,Electronics,15499
959,2026-02-27,Customer_459,Headphones,Electronics,36243rs
960,2026-01-31,Customer_509,Headphones,Electronics,49401
961,2026-02-08,Customer_390,Tablet,Electronics,94204
962,2026-02-25,Customer_198,Smartwatch,Electronics,74474
963,2026-04-20,Customer_182,Mobile,Electronics,55659
964,2026-04-27,Customer_600,Tablet,Electronics,4310
965,2026-01-06,Customer_514,Tablet,Electronics,90821
966,2026-02-01,Customer_292,Speaker,Electronics,92698
967,2026-01-17,Customer_32,Speaker,Electronics,21341
968,2026-03-11,Customer_557,Speaker,Electronics,79286
969,2026-03-02,,Camera,Electronics,79093
970,2026-01-25,Customer_669,Tablet,Electronics,51525
971,2026-04-10,Customer_288,Headphones,Electronics,32766
972,2026-02-06,Customer_115,Laptop,Electronics,80910
973,2026-01-03,,,Electronics,95941
974,2026-03-02,,Speaker,Electronics,97863rs
975,2026-04-13,Customer_34,Camera,Electronics,45329
976,2026-01-03,Customer_586,,Electronics,92449
977,2026-02-04,Customer_285,Headphones,Electronics,11705
978,2026-01-30,,Speaker,Electronics,21491
979,2026-01-02,Customer_575,Smartwatch,Electronics,39615
980,2026-01-03,,Smartwatch,electronics,15555
981,2026-04-11,Customer_757,Mobile,Electronics,36287
982,2026-03-13,Customer_742,Headphones,Electronics,99442
983,2026-04-28,Customer_199,Camera,Electronics,67171
984,2026-02-26,Customer_39,Camera,Electronics,65562
985,2026-01-28,Customer_703,,electronics,30218
986,2026-03-02,Customer_515,Smartwatch,Electronics,64572
987,2026-04-24,Customer_482,Smartwatch,Electronics,7397
988,2026-02-18,Customer_115,Mobile,Electronics,484
989,2026-02-25,Customer_532,Laptop,Electronics,53367
990,2026-04-27,Customer_47,,Electronics,90237
991,2026-01-09,Customer_245,Tablet,Electronics,30831
992,2026-01-08,Customer_754,Mobile,Electronics,56663
993,2026-03-08,Customer_627,Mobile,Electronics,77881
994,2026-04-22,Customer_643,Laptop,Electronics,7027
995,2026-03-23,Customer_778,Smartwatch,Electronics,11659
996,2026-03-25,Customer_193,,Electronics,11067
997,2026-02-24,Customer_672,Camera,Electronics,29514
998,2026-04-10,Customer_395,Mobile,Electronics,68148
999,2026-04-27,Customer_594,Tablet,Electronics,61341
1000,2026-04-24,Customer_790,Tablet,Electronics,86302
1001,2026-04-23,Customer_144,Camera,Electronics,34776
1002,2026-02-02,Customer_750,Tablet,Electronics,86047
1003,2026-03-11,,Speaker,Electronics,57847
1004,2026-01-08,Customer_370,Mobile,Electronics,57018
1005,2026-03-02,Customer_18,Mobile,Electronics,42444
1006,2026-02-04,Customer_364,Smartwatch,Electronics,58635
1007,2026-03-15,Customer_67,Mobile,Electronics,38943
1008,2026-03-05,Customer_751,Headphones,Electronics,59365
1009,2026-04-18,Customer_497,Camera,Electronics,38091
1010,2026-04-20,Customer_138,Speaker,electronics,74953
1011,2026-01-25,Customer_753,Camera,Electronics,22796
1012,2026-03-06,Customer_596,Smartwatch,Electronics,73893
1013,2026-02-02,Customer_739,Smartwatch,Electronics,83667
1014,2026-03-15,Customer_520,Tablet,Electronics,29472
1015,2026-04-02,Customer_511,,Electronics,61599
1016,2026-04-27,Customer_328,Tablet,Electronics,75273
1017,2026-04-04,Customer_298,Headphones,Electronics,N/A
1018,2026-04-21,Customer_275,Laptop,Electronics,55736
1019,2026-02-28,Customer_782,Headphones,Electronics,52764
1020,2026-02-19,Customer_444,Mobile,Electronics,91460
1021,2026-01-11,Customer_262,Mobile,Electronics,N/A
1022,2026-03-22,Customer_612,Mobile,electronics,68833
1023,2026-01-07,Customer_188,,Electronics,2899
1024,2026-04-15,Customer_388,Speaker,Electronics,31485
1025,2026-03-27,Customer_112,Laptop,Electronics,58005
1026,2026-01-23,Customer_288,Mobile,Electronics,44126
1027,2026-01-09,Customer_581,Tablet,Electronics,55596rs
1028,2026-03-11,Customer_557,Laptop,Electronics,47068
1029,2026-01-09,Customer_216,Tablet,Electronics,10027
1030,2026-03-28,Customer_299,Speaker,Electronics,56225
1031,2026-01-02,Customer_611,Mobile,Electronics,98101
1032,2026-01-13,Customer_52,Laptop,Electronics,90060
1033,2026-03-19,Customer_483,,Electronics,47518
1034,2026-02-24,Customer_690,Tablet,electronics,62821
1035,2026-02-23,Customer_642,Tablet,Electronics,95373
1036,2026-04-17,,Tablet,Electronics,50822
1037,2026-04-11,Customer_669,Smartwatch,Electronics,23258
1038,2026-02-23,,Speaker,Electronics,9782
1039,2026-01-24,Customer_790,Speaker,Electronics,28038
1040,2026-04-30,Customer_90,Tablet,Electronics,16190
1041,2026-03-05,Customer_249,Smartwatch,Electronics,N/A
1042,2026-01-05,Customer_620,Tablet,Electronics,69750
1043,2026-01-12,Customer_100,Speaker,Electronics,51457rs
1044,2026-01-14,Customer_220,Smartwatch,Electronics,14620
1045,2026-02-28,Customer_533,Headphones,Electronics,20382
1046,2026-04-09,Customer_329,Camera,Electronics,36375
1047,2026-02-06,Customer_391,Speaker,Electronics,28029
1048,2026-02-16,Customer_701,Tablet,Electronics,49707
1049,2026-03-05,Customer_656,Mobile,Electronics,12150rs
1050,2026-02-07,Customer_167,Camera,Electronics,5370
1051,2026-02-27,Customer_472,Smartwatch,Electronics,58754
1052,2026-01-11,Customer_30,Smartwatch,Electronics,1653
1053,2026-02-05,Customer_214,Speaker,Electronics,67325
1054,2026-01-14,Customer_155,Mobile,Electronics,29815
1055,2026-05-01,Customer_26,Laptop,Electronics,81773
1056,2026-03-03,Customer_538,Headphones,electronics,77585
1057,2026-02-07,Customer_110,Camera,Electronics,1109
1058,2026-03-16,Customer_517,Headphones,Electronics,37010
1059,2026-01-07,Customer_784,Camera,Electronics,13355
1060,2026-02-25,,Tablet,Electronics,60307
1061,2026-02-18,Customer_277,Mobile,Electronics,73907
1062,2026-02-05,Customer_622,Speaker,Electronics,97885
1063,2026-04-19,Customer_595,Tablet,Electronics,27410rs
1064,2026-02-04,Customer_265,Camera,Electronics,79586
1065,2026-04-23,Customer_490,,Electronics,23353
1066,2026-04-21,Customer_466,Speaker,Electronics,70292
1067,2026-01-31,Customer_522,Smartwatch,Electronics,1631
1068,2026-02-15,Customer_14,,Electronics,40012
1069,2026-02-02,Customer_120,Camera,Electronics,55481
1070,2026-02-13,Customer_736,Camera,Electronics,40498
1071,2026-01-20,Customer_170,,Electronics,82125
1072,2026-02-25,Customer_338,Smartwatch,Electronics,16506
1073,2026-02-11,Customer_407,Mobile,Electronics,80995
1074,2026-04-06,Customer_401,Tablet,Electronics,49236
1075,2026-02-18,Customer_468,Camera,Electronics,79464
1076,2026-03-22,Customer_239,Laptop,Electronics,61561
1077,2026-03-02,Customer_158,Tablet,Electronics,29242
1078,2026-02-19,Customer_617,Speaker,Electronics,27691
1079,2026-04-01,Customer_31,Headphones,Electronics,N/A
1080,2026-03-15,Customer_634,Headphones,electronics,80194
1081,2026-01-21,Customer_539,Headphones,Electronics,82945
1082,2026-02-11,Customer_321,Speaker,Electronics,58225
1083,2026-03-29,Customer_141,,Electronics,50117
1084,2026-01-26,Customer_385,Speaker,Electronics,32234
1085,2026-01-22,Customer_395,Tablet,Electronics,16803
1086,2026-02-01,Customer_429,,Electronics,30239
1087,2026-02-06,Customer_89,Mobile,Electronics,58550
1088,2026-01-10,Customer_59,Smartwatch,Electronics,N/A
1089,2026-02-16,Customer_521,Laptop,Electronics,72888
1090,2026-01-20,Customer_88,Speaker,Electronics,28784rs
1091,2026-03-04,Customer_365,Laptop,Electronics,60647
1092,2026-04-19,Customer_218,,Electronics,50695
1093,2026-04-19,Customer_157,Laptop,Electronics,49679
1094,2026-03-10,Customer_384,Camera,Electronics,18049
1095,2026-04-13,Customer_460,Smartwatch,Electronics,97638
1096,2026-04-20,Customer_382,Camera,Electronics,65994
1097,2026-03-06,,Camera,Electronics,78560
1098,2026-01-06,Customer_563,Mobile,Electronics,27248
1099,2026-03-28,Customer_468,Laptop,Electronics,16599
1100,2026-04-16,Customer_614,Speaker,Electronics,64220
1101,2026-01-25,Customer_142,Laptop,Electronics,N/A
1102,2026-02-18,Customer_282,Camera,Electronics,99809
1103,2026-04-01,Customer_361,Speaker,Electronics,41928rs
1104,2026-04-29,Customer_257,Laptop,Electronics,6648
1105,2026-04-25,Customer_188,Smartwatch,Electronics,8021
1106,2026-03-05,Customer_604,Tablet,Electronics,64791
1107,2026-03-27,Customer_753,Mobile,Electronics,28426
1108,2026-02-04,Customer_1,Smartwatch,Electronics,14950
1109,2026-04-04,Customer_674,Laptop,Electronics,54933
1110,2026-01-01,Customer_416,Mobile,Electronics,54186
1111,2026-04-14,Customer_6,Camera,Electronics,75248
1112,2026-03-02,,,Electronics,677
1113,2026-03-19,Customer_580,Laptop,Electronics,90729
1114,2026-03-18,Customer_406,Smartwatch,Electronics,84142
1115,2026-02-28,Customer_513,Mobile,Electronics,6473
1116,2026-03-31,Customer_336,Tablet,Electronics,58249
1117,2026-02-13,Customer_336,Camera,Electronics,N/A
1118,2026-02-27,Customer_283,Tablet,Electronics,23249rs
1119,2026-03-29,Customer_525,Smartwatch,Electronics,76747
1120,2026-04-27,Customer_235,Tablet,Electronics,72619rs
1121,2026-02-08,Customer_188,Headphones,Electronics,67557
1122,2026-04-27,Customer_348,Laptop,Electronics,18263
1123,2026-02-25,Customer_643,Tablet,Electronics,19753
1124,2026-02-12,Customer_149,Speaker,Electronics,29709
1125,2026-01-19,Customer_12,Camera,Electronics,82701rs
1126,2026-04-20,Customer_128,Headphones,Electronics,58056
1127,2026-04-15,Customer_361,Smartwatch,Electronics,59744
1128,2026-04-27,Customer_194,Speaker,Electronics,77534rs
1129,2026-01-25,Customer_505,,Electronics,65014
1130,2026-03-22,Customer_148,Mobile,Electronics,29285
1131,2026-01-06,Customer_13,Speaker,Electronics,77446
1132,2026-04-03,Customer_251,Speaker,Electronics,88912
1133,2026-01-28,,Smartwatch,Electronics,18589
1134,2026-02-12,Customer_600,Laptop,Electronics,14741rs
1135,2026-03-25,Customer_657,Speaker,electronics,93128rs
1136,2026-02-20,Customer_80,Speaker,Electronics,30238
1137,2026-02-14,Customer_102,Smartwatch,Electronics,42564
1138,2026-02-05,Customer_586,Camera,Electronics,61148
1139,2026-02-04,Customer_616,Headphones,Electronics,N/A
1140,2026-02-09,Customer_724,Headphones,Electronics,36848
1141,2026-01-29,Customer_203,Tablet,Electronics,55670
1142,2026-03-28,Customer_134,Laptop,Electronics,41021
1143,2026-04-06,Customer_224,Speaker,Electronics,N/A
1144,2026-01-16,Customer_76,Camera,Electronics,67764
1145,2026-01-05,Customer_96,Camera,Electronics,26580
1146,2026-04-07,Customer_564,Smartwatch,Electronics,19353
1147,2026-04-17,Customer_220,Mobile,Electronics,63198
1148,2026-04-07,Customer_209,Laptop,Electronics,65653
1149,2026-02-01,Customer_684,Laptop,Electronics,68199
1150,2026-03-03,Customer_345,Laptop,Electronics,33602
1151,2026-04-30,Customer_57,Speaker,electronics,84273
1152,2026-01-24,Customer_464,Tablet,Electronics,77304
1153,2026-02-24,Customer_416,Speaker,Electronics,48798
1154,2026-03-07,Customer_669,Speaker,Electronics,9603
1155,2026-01-04,,Headphones,Electronics,83019
1156,2026-03-10,Customer_163,Speaker,Electronics,5254
1157,2026-02-21,Customer_271,Tablet,Electronics,45365
1158,2026-01-06,Customer_225,Smartwatch,Electronics,3634
1159,2026-04-11,Customer_390,Laptop,Electronics,20815
1160,2026-04-13,Customer_160,Mobile,Electronics,650
1161,2026-02-19,Customer_613,Laptop,Electronics,66073
1162,2026-04-05,Customer_680,Smartwatch,Electronics,18014
1163,2026-03-26,Customer_459,Tablet,Electronics,1098
1164,2026-01-05,Customer_186,Headphones,Electronics,64170
1165,2026-01-16,,,Electronics,10572
1166,2026-01-28,Customer_6,Laptop,Electronics,5416
1167,2026-02-02,Customer_6,Headphones,Electronics,32741
1168,2026-02-05,Customer_786,Laptop,Electronics,39929
1169,2026-04-21,Customer_383,Mobile,Electronics,3677
1170,2026-01-14,,Tablet,Electronics,10573
1171,2026-01-06,Customer_522,,Electronics,49182
1172,2026-03-30,Customer_709,Smartwatch,Electronics,61809
1173,2026-01-11,Customer_718,Speaker,Electronics,45266
1174,2026-03-05,,Camera,Electronics,25918
1175,2026-03-12,Customer_429,Laptop,Electronics,95059rs
1176,2026-03-26,Customer_586,Headphones,Electronics,94816
1177,2026-04-30,Customer_494,Camera,Electronics,89135
1178,2026-03-18,Customer_75,Headphones,electronics,48360
1179,2026-03-02,Customer_536,,Electronics,41938
1180,2026-04-17,Customer_468,Speaker,Electronics,55222
1181,2026-01-11,Customer_510,Mobile,Electronics,80950
1182,2026-04-15,Customer_299,Mobile,Electronics,6847
1183,2026-02-08,Customer_346,Speaker,Electronics,93190
1184,2026-04-18,Customer_696,Mobile,Electronics,57159
1185,2026-01-15,Customer_729,Camera,Electronics,34890
1186,2026-04-11,Customer_506,Tablet,Electronics,66328
1187,2026-04-16,Customer_441,Tablet,Electronics,N/A
1188,2026-03-24,Customer_506,Mobile,Electronics,34794
1189,2026-02-18,Customer_177,Smartwatch,Electronics,45002
1190,2026-04-30,Customer_655,Headphones,Electronics,34318
1191,2026-02-13,Customer_306,Headphones,Electronics,97892
1192,2026-01-13,Customer_304,Tablet,Electronics,55162
1193,2026-01-22,Customer_759,Tablet,Electronics,34123
1194,2026-04-09,Customer_666,Speaker,Electronics,N/A
1195,2026-03-23,Customer_159,Tablet,Electronics,70428
1196,2026-03-27,Customer_351,Smartwatch,Electronics,76518
1197,2026-04-09,Customer_723,Speaker,Electronics,45978
1198,2026-03-17,Customer_733,,electronics,9903
1199,2026-01-25,Customer_765,Tablet,Electronics,45670
1200,2026-04-10,Customer_443,Tablet,electronics,88525
1201,2026-04-05,Customer_360,,Electronics,90350
1202,2026-03-13,,Speaker,Electronics,43089
1203,2026-02-13,Customer_111,Speaker,Electronics,1677
1204,2026-02-19,Customer_273,Tablet,Electronics,8395
1205,2026-03-13,Customer_49,Headphones,Electronics,65881
1206,2026-04-27,,Tablet,Electronics,81750
1207,2026-04-29,Customer_356,Headphones,Electronics,13225
1208,2026-01-29,Customer_691,Tablet,Electronics,25555
1209,2026-04-12,Customer_291,Smartwatch,Electronics,59363
1210,2026-01-13,Customer_129,Smartwatch,Electronics,N/A
1211,2026-02-12,Customer_85,Tablet,Electronics,38183
1212,2026-03-21,Customer_518,Headphones,Electronics,37370
1213,2026-03-24,Customer_398,Camera,Electronics,57003
1214,2026-03-25,Customer_650,Mobile,Electronics,63530
1215,2026-02-07,Customer_689,Laptop,Electronics,N/A
1216,2026-04-27,Customer_121,Mobile,Electronics,52911
1217,2026-03-07,Customer_642,Camera,Electronics,32022
1218,2026-01-08,Customer_9,Laptop,Electronics,44874
1219,2026-02-08,Customer_294,Mobile,Electronics,81540
1220,2026-04-16,Customer_544,Smartwatch,Electronics,89675
1221,2026-01-19,Customer_782,Mobile,electronics,21347
1222,2026-01-24,Customer_265,Speaker,Electronics,76434
1223,2026-02-02,Customer_62,Smartwatch,Electronics,50073
1224,2026-02-12,Customer_537,Camera,Electronics,27336
1225,2026-03-20,Customer_574,Laptop,Electronics,6764
1226,2026-03-21,Customer_190,Camera,Electronics,1198
1227,2026-03-21,Customer_324,Laptop,Electronics,74796
1228,2026-03-05,Customer_785,Speaker,Electronics,49529
1229,2026-02-12,Customer_132,Mobile,Electronics,25188
1230,2026-03-19,Customer_21,Smartwatch,Electronics,N/Ars
1231,2026-03-14,Customer_230,Tablet,Electronics,46314
1232,2026-01-16,Customer_764,Headphones,Electronics,3381
1233,2026-02-16,Customer_457,Headphones,Electronics,48195
1234,2026-03-25,Customer_514,Tablet,Electronics,58304
1235,2026-02-02,,Mobile,Electronics,75533
1236,2026-04-22,Customer_52,Camera,Electronics,79483
1237,2026-04-21,Customer_502,Speaker,Electronics,71624
1238,2026-04-07,Customer_390,Smartwatch,Electronics,20984
1239,2026-01-15,Customer_79,Camera,Electronics,22055
1240,2026-03-08,Customer_462,Camera,Electronics,42437
1241,2026-02-27,Customer_153,Laptop,Electronics,24916
1242,2026-02-20,Customer_542,Tablet,Electronics,56388
1243,2026-03-30,Customer_16,,Electronics,57621rs
1244,2026-02-02,Customer_488,Tablet,Electronics,13326
1245,2026-02-13,Customer_769,Smartwatch,Electronics,60559
1246,2026-04-30,Customer_166,Headphones,Electronics,97746
1247,2026-01-31,Customer_600,Mobile,Electronics,44339rs
1248,2026-03-21,Customer_692,Mobile,Electronics,78121
1249,2026-03-08,Customer_740,Mobile,Electronics,82312
1250,2026-04-23,Customer_495,Camera,Electronics,4180
1251,2026-04-20,Customer_234,Tablet,Electronics,93113
1252,2026-01-11,Customer_170,Smartwatch,Electronics,94185
1253,2026-01-19,Customer_123,Headphones,Electronics,54012
1254,2026-04-30,Customer_564,Tablet,electronics,29883
1255,2026-04-15,Customer_631,Camera,Electronics,29931
1256,2026-03-10,Customer_207,Headphones,Electronics,N/A
1257,2026-03-16,Customer_525,Mobile,Electronics,50170
1258,2026-03-28,Customer_177,Smartwatch,electronics,69435
1259,2026-01-01,Customer_763,Laptop,Electronics,71353
1260,2026-03-28,Customer_644,,Electronics,79413
1261,2026-04-20,Customer_538,Mobile,electronics,69233
1262,2026-02-06,Customer_136,Smartwatch,Electronics,54253
1263,2026-02-28,Customer_164,Camera,Electronics,37621
1264,2026-01-27,Customer_400,Speaker,Electronics,7120
1265,2026-02-14,Customer_541,Camera,Electronics,86006
1266,2026-03-06,Customer_287,Smartwatch,Electronics,80748
1267,2026-04-04,Customer_414,Mobile,Electronics,89249
1268,2026-01-18,Customer_151,Speaker,Electronics,64351
1269,2026-04-11,Customer_274,Headphones,Electronics,90236
1270,2026-01-01,Customer_361,Mobile,Electronics,45427
1271,2026-03-12,Customer_118,Tablet,Electronics,44942
1272,2026-01-31,Customer_619,Headphones,Electronics,80027
1273,2026-03-16,Customer_706,Camera,Electronics,34817
1274,2026-04-23,Customer_574,Headphones,Electronics,55239
1275,2026-01-30,Customer_623,Laptop,Electronics,77194
1276,2026-03-30,,Smartwatch,Electronics,49745
1277,2026-03-23,Customer_721,Camera,Electronics,83527rs
1278,2026-04-06,Customer_580,Laptop,Electronics,5087
1279,2026-02-04,Customer_379,Smartwatch,Electronics,41932
1280,2026-01-19,,Camera,Electronics,72643
1281,2026-02-21,Customer_299,Laptop,Electronics,22896
1282,2026-01-25,Customer_294,Speaker,Electronics,7951
1283,2026-02-09,Customer_629,Smartwatch,Electronics,81279
1284,2026-01-13,Customer_739,Camera,Electronics,95102
1285,2026-02-20,Customer_498,Smartwatch,Electronics,13307
1286,2026-01-10,Customer_726,Speaker,Electronics,1256
1287,2026-02-12,Customer_790,Laptop,Electronics,33671
1288,2026-03-31,Customer_431,Smartwatch,Electronics,46236
1289,2026-01-16,Customer_268,Camera,electronics,54336
1290,2026-04-18,Customer_557,Laptop,Electronics,73835
1291,2026-04-25,Customer_771,Smartwatch,Electronics,38107
1292,2026-02-16,,Camera,Electronics,6803
1293,2026-03-13,Customer_167,Tablet,Electronics,48190
1294,2026-02-21,Customer_365,Tablet,Electronics,27775
1295,2026-01-09,Customer_525,Smartwatch,Electronics,75674
1296,2026-03-20,Customer_540,Speaker,Electronics,12345
1297,2026-03-20,Customer_290,Tablet,Electronics,97839
1298,2026-01-21,Customer_372,Laptop,Electronics,99578
1299,2026-01-23,Customer_543,Headphones,Electronics,11770
1300,2026-04-24,Customer_321,Tablet,Electronics,5329
1301,2026-03-27,Customer_91,Smartwatch,Electronics,42483
1302,2026-02-10,Customer_601,Camera,Electronics,81267
1303,2026-03-19,Customer_372,Speaker,electronics,76836
1304,2026-02-10,Customer_622,Laptop,Electronics,82491
1305,2026-01-08,,Speaker,Electronics,35623
1306,2026-04-19,Customer_137,Camera,Electronics,80399
1307,2026-03-20,Customer_722,Camera,Electronics,31755
1308,2026-04-30,Customer_229,,electronics,94674
1309,2026-04-02,Customer_678,Headphones,electronics,75969
1310,2026-03-26,Customer_759,Smartwatch,Electronics,17237
1311,2026-03-11,Customer_208,Camera,Electronics,83134
1312,2026-02-03,Customer_470,Headphones,electronics,69853
1313,2026-03-18,Customer_110,Camera,Electronics,68939
1314,2026-02-20,Customer_623,Smartwatch,Electronics,30953
1315,2026-03-27,Customer_236,Tablet,Electronics,19283
1316,2026-01-21,Customer_163,Mobile,Electronics,45927
1317,2026-02-02,Customer_211,Laptop,electronics,14569
1318,2026-04-11,Customer_267,Headphones,electronics,63622
1319,2026-05-01,Customer_465,Camera,Electronics,N/A
1320,2026-03-30,Customer_154,Laptop,Electronics,70443
1321,2026-04-28,Customer_264,Laptop,Electronics,16464rs
1322,2026-02-02,Customer_12,Tablet,Electronics,80185
1323,2026-02-27,Customer_403,Laptop,Electronics,87456
1324,2026-03-29,Customer_233,Smartwatch,Electronics,72177
1325,2026-03-16,Customer_562,Speaker,Electronics,46615
1326,2026-04-21,Customer_280,Speaker,electronics,98057rs
1327,2026-02-25,Customer_459,Mobile,Electronics,65371
1328,2026-02-18,Customer_252,Mobile,Electronics,1972
1329,2026-03-10,Customer_185,Laptop,Electronics,71211
1330,2026-03-20,Customer_174,Mobile,Electronics,4712
1331,2026-04-17,Customer_184,Mobile,Electronics,31792
1332,2026-01-08,Customer_440,Camera,Electronics,76459
1333,2026-03-09,Customer_240,Laptop,Electronics,43941
1334,2026-05-01,Customer_444,Camera,Electronics,62066
1335,2026-01-20,Customer_748,Smartwatch,Electronics,69008
1336,2026-01-22,Customer_488,Headphones,Electronics,72932
1337,2026-04-30,Customer_368,Smartwatch,Electronics,40759
1338,2026-03-27,Customer_614,Tablet,Electronics,31960
1339,2026-01-14,Customer_279,Camera,Electronics,32505
1340,2026-04-02,Customer_615,Mobile,Electronics,72284
1341,2026-04-21,Customer_600,Mobile,Electronics,42324
1342,2026-03-11,Customer_540,Headphones,Electronics,96963
1343,2026-03-07,Customer_344,Camera,Electronics,39078
1344,2026-02-16,Customer_147,,Electronics,81721rs
1345,2026-04-19,Customer_183,Tablet,Electronics,69590
1346,2026-02-19,Customer_703,Mobile,Electronics,93701rs
1347,2026-02-15,Customer_374,Headphones,Electronics,41573
1348,2026-03-18,Customer_632,Speaker,Electronics,25904
1349,2026-01-11,Customer_237,Smartwatch,Electronics,94651
1350,2026-04-18,Customer_673,Smartwatch,Electronics,48670
1351,2026-01-15,Customer_246,Laptop,Electronics,4352
1352,2026-02-23,Customer_480,Tablet,Electronics,27848
1353,2026-03-28,Customer_383,Headphones,Electronics,73202
1354,2026-01-11,Customer_504,Smartwatch,Electronics,70199
1355,2026-04-13,Customer_576,Camera,Electronics,29329
1356,2026-04-14,Customer_685,Speaker,Electronics,13260
1357,2026-01-23,Customer_479,Mobile,Electronics,24229
1358,2026-01-31,Customer_664,Smartwatch,Electronics,94812
1359,2026-04-03,Customer_102,Mobile,Electronics,N/A
1360,2026-03-03,Customer_209,Headphones,Electronics,12227
1361,2026-04-07,Customer_649,Mobile,Electronics,76275
1362,2026-01-27,Customer_327,Camera,Electronics,60075
1363,2026-03-02,Customer_529,Headphones,electronics,57005rs
1364,2026-02-13,Customer_365,Camera,Electronics,49015
1365,2026-01-12,Customer_332,Mobile,Electronics,17654
1366,2026-04-04,Customer_1,Speaker,Electronics,2009
1367,2026-03-09,Customer_192,Mobile,Electronics,62521
1368,2026-02-01,Customer_541,Camera,Electronics,59858
1369,2026-02-27,Customer_711,Speaker,Electronics,N/A
1370,2026-04-19,Customer_653,Headphones,Electronics,68952
1371,2026-01-18,Customer_397,Laptop,Electronics,67181
1372,2026-01-21,Customer_509,Mobile,Electronics,71615
1373,2026-01-06,Customer_410,Tablet,Electronics,72843
1374,2026-01-13,Customer_628,Smartwatch,Electronics,4713
1375,2026-03-02,Customer_50,Mobile,Electronics,11301
1376,2026-03-02,Customer_606,Mobile,Electronics,85884
1377,2026-03-03,,Camera,Electronics,61139
1378,2026-03-18,Customer_168,Mobile,Electronics,N/A
1379,2026-02-15,Customer_409,Smartwatch,Electronics,N/A
1380,2026-03-05,Customer_136,Tablet,Electronics,55135
1381,2026-01-20,Customer_169,Smartwatch,Electronics,30953
1382,2026-02-09,Customer_766,Smartwatch,Electronics,84390
1383,2026-01-04,Customer_101,Laptop,Electronics,73966
1384,2026-04-13,Customer_644,Camera,Electronics,57178
1385,2026-02-04,Customer_500,Smartwatch,Electronics,81283rs
1386,2026-03-21,Customer_315,,Electronics,96867
1387,2026-03-05,Customer_360,Mobile,Electronics,75640
1388,2026-01-12,Customer_775,Headphones,Electronics,45391
1389,2026-02-02,Customer_408,Camera,Electronics,78117
1390,2026-02-12,Customer_503,Mobile,Electronics,17816
1391,2026-02-22,Customer_453,Mobile,Electronics,40876
1392,2026-01-21,Customer_283,Mobile,Electronics,12688
1393,2026-02-11,Customer_205,Camera,Electronics,46219rs
1394,2026-01-07,,Headphones,electronics,99220
1395,2026-01-21,Customer_783,Laptop,Electronics,N/A
1396,2026-02-20,Customer_757,Mobile,Electronics,31317
1397,2026-04-19,Customer_408,Mobile,Electronics,90313
1398,2026-03-06,Customer_46,Mobile,Electronics,68333
1399,2026-01-12,Customer_419,Headphones,Electronics,77998
1400,2026-05-01,Customer_731,Speaker,Electronics,50104
1401,2026-04-28,Customer_115,Speaker,Electronics,92723
1402,2026-04-10,Customer_747,Headphones,Electronics,24287
1403,2026-04-17,Customer_129,,Electronics,95974
1404,2026-04-22,Customer_509,Speaker,Electronics,72678
1405,2026-01-11,Customer_466,Laptop,Electronics,83291
1406,2026-04-13,Customer_772,Speaker,electronics,72672
1407,2026-01-28,Customer_279,Speaker,Electronics,61882
1408,2026-04-10,Customer_205,Smartwatch,electronics,N/A
1409,2026-03-10,Customer_397,Laptop,Electronics,80984
1410,2026-02-26,Customer_755,Tablet,Electronics,87439
1411,2026-04-28,Customer_123,Smartwatch,Electronics,29239
1412,2026-02-21,Customer_708,Smartwatch,Electronics,45393
1413,2026-04-01,Customer_241,Tablet,Electronics,58909
1414,2026-01-14,Customer_595,Laptop,Electronics,57765
1415,2026-03-24,Customer_406,Headphones,Electronics,42364
1416,2026-02-14,Customer_390,Headphones,Electronics,18288
1417,2026-03-25,Customer_279,Smartwatch,Electronics,48700
1418,2026-01-21,Customer_585,Smartwatch,Electronics,9511
1419,2026-01-05,Customer_165,Tablet,Electronics,11672
1420,2026-03-05,Customer_540,Tablet,Electronics,88322
1421,2026-03-30,Customer_644,Smartwatch,Electronics,42098
1422,2026-03-26,Customer_572,Laptop,Electronics,72338
1423,2026-02-15,Customer_303,Mobile,Electronics,76443
1424,2026-01-17,Customer_754,Tablet,Electronics,76740
1425,2026-04-16,Customer_649,Headphones,Electronics,50054
1426,2026-03-28,Customer_278,Laptop,Electronics,30841
1427,2026-04-26,Customer_628,Speaker,Electronics,73731
1428,2026-01-23,Customer_389,Smartwatch,Electronics,75252
1429,2026-01-04,Customer_37,Mobile,electronics,27286
1430,2026-04-03,Customer_798,Camera,Electronics,41630
1431,2026-05-01,,Mobile,Electronics,24931
1432,2026-01-11,Customer_183,Headphones,Electronics,25491
1433,2026-02-18,Customer_422,Camera,Electronics,52831
1434,2026-03-11,Customer_237,Headphones,Electronics,48214
1435,2026-02-14,Customer_132,Laptop,electronics,32198
1436,2026-02-04,Customer_592,Camera,Electronics,67576
1437,2026-01-10,Customer_767,Camera,Electronics,63946
1438,2026-03-10,Customer_106,Smartwatch,Electronics,10589
1439,2026-05-01,Customer_431,Camera,Electronics,18878
1440,2026-01-06,Customer_261,Camera,Electronics,16344
1441,2026-01-17,Customer_383,Laptop,Electronics,60902
1442,2026-02-07,Customer_353,Camera,Electronics,52172rs
1443,2026-02-22,Customer_790,Laptop,Electronics,28795
1444,2026-01-11,Customer_219,Camera,Electronics,47445
1445,2026-02-11,Customer_448,Headphones,Electronics,12890
1446,2026-01-03,Customer_116,Speaker,Electronics,81717
1447,2026-04-24,Customer_633,Speaker,Electronics,76496
1448,2026-03-03,Customer_581,Speaker,Electronics,13802
1449,2026-02-20,Customer_669,Headphones,Electronics,84384
1450,2026-03-07,Customer_264,Speaker,Electronics,37135
1451,2026-02-21,Customer_290,,Electronics,68788
1452,2026-01-10,Customer_428,Smartwatch,Electronics,95686
1453,2026-01-17,Customer_292,Speaker,Electronics,72010
1454,2026-02-10,Customer_48,Headphones,Electronics,26752
1455,2026-03-10,Customer_175,Smartwatch,electronics,66293
1456,2026-02-26,,Tablet,Electronics,56388
1457,2026-03-16,Customer_689,Mobile,electronics,17619
1458,2026-01-29,Customer_225,Headphones,Electronics,90976
1459,2026-04-04,Customer_791,Tablet,Electronics,82924
1460,2026-04-24,Customer_285,Smartwatch,Electronics,59989
1461,2026-03-30,Customer_673,Headphones,Electronics,17709
1462,2026-04-04,Customer_147,Camera,Electronics,58338
1463,2026-01-24,Customer_569,Speaker,Electronics,32003rs
1464,2026-04-29,Customer_33,Laptop,electronics,13038
1465,2026-02-23,Customer_559,,Electronics,87412
1466,2026-04-01,Customer_649,Tablet,Electronics,48540
1467,2026-01-23,Customer_166,Speaker,Electronics,54623
1468,2026-01-01,Customer_204,Mobile,Electronics,42960
1469,2026-01-24,Customer_648,Laptop,Electronics,8555
1470,2026-01-30,Customer_536,Speaker,Electronics,34506
1471,2026-04-23,Customer_760,Speaker,Electronics,20793
1472,2026-04-28,Customer_701,Mobile,Electronics,78083
1473,2026-03-30,Customer_756,Mobile,Electronics,56274
1474,2026-04-15,Customer_726,Laptop,Electronics,45581
1475,2026-04-16,Customer_281,Smartwatch,Electronics,95757
1476,2026-01-14,Customer_123,Camera,Electronics,20926
1477,2026-03-27,Customer_424,Camera,Electronics,N/Ars
1478,2026-02-10,Customer_477,,Electronics,59103
1479,2026-04-15,Customer_483,Headphones,Electronics,22597
1480,2026-04-24,Customer_650,Tablet,Electronics,79487
1481,2026-01-22,Customer_129,Mobile,Electronics,15483
1482,2026-04-20,Customer_278,Smartwatch,Electronics,12182
1483,2026-03-08,Customer_514,Camera,electronics,37966
1484,2026-03-04,Customer_758,Headphones,electronics,95103
1485,2026-04-22,Customer_31,Tablet,Electronics,8360
1486,2026-02-28,Customer_411,Camera,Electronics,74331
1487,2026-02-06,Customer_208,Mobile,Electronics,56873rs
1488,2026-04-07,Customer_9,,Electronics,59740
1489,2026-02-20,Customer_772,Speaker,Electronics,3940
1490,2026-03-08,,Smartwatch,Electronics,75599
1491,2026-01-16,Customer_162,Mobile,Electronics,72289
1492,2026-04-08,Customer_340,Smartwatch,Electronics,76301
1493,2026-02-12,Customer_127,Smartwatch,Electronics,15399
1494,2026-04-07,Customer_290,Laptop,Electronics,64319
1495,2026-02-01,Customer_276,Speaker,Electronics,1745
1496,2026-03-05,Customer_208,Headphones,Electronics,93029
1497,2026-03-19,Customer_29,Mobile,Electronics,2800
1498,2026-04-05,Customer_539,Laptop,Electronics,58157
1499,2026-01-16,Customer_230,Speaker,Electronics,36049
1500,2026-03-25,Customer_688,Laptop,Electronics,86109
1501,2026-04-21,Customer_397,Speaker,Electronics,55453
1502,2026-03-18,Customer_525,Mobile,Electronics,30361
1503,2026-03-08,Customer_471,Camera,Electronics,19051
1504,2026-02-03,Customer_282,Headphones,Electronics,54320
1505,2026-03-01,Customer_128,,Electronics,65558
1506,2026-01-10,Customer_655,Camera,Electronics,2085
1507,2026-04-09,Customer_184,Tablet,Electronics,44523
1508,2026-04-26,Customer_309,Laptop,Electronics,7650
1509,2026-03-25,Customer_775,Mobile,Electronics,76023
1510,2026-01-05,Customer_442,Tablet,Electronics,70338
1511,2026-01-16,Customer_299,Camera,Electronics,63642
1512,2026-01-20,Customer_127,Laptop,Electronics,95809rs
1513,2026-04-01,Customer_187,Laptop,Electronics,31288
1514,2026-03-07,,Smartwatch,Electronics,19889
1515,2026-04-05,Customer_581,,Electronics,51402
1516,2026-02-02,Customer_266,Laptop,Electronics,45817
1517,2026-01-01,Customer_398,Mobile,Electronics,64046
1518,2026-01-19,Customer_589,Laptop,Electronics,29252rs
1519,2026-01-20,Customer_467,Headphones,Electronics,53290
1520,2026-04-21,Customer_572,Mobile,Electronics,24158
1521,2026-04-10,Customer_623,Headphones,Electronics,14706rs
1522,2026-03-25,Customer_78,Laptop,Electronics,39565
1523,2026-01-24,Customer_640,Mobile,Electronics,61804
1524,2026-04-23,Customer_300,Mobile,Electronics,26499
1525,2026-01-02,Customer_486,Mobile,Electronics,57739
1526,2026-04-29,Customer_646,Laptop,Electronics,76947
1527,2026-02-16,Customer_118,Tablet,Electronics,12544rs
1528,2026-02-22,Customer_137,,Electronics,74826
1529,2026-03-16,Customer_555,Laptop,Electronics,83146
1530,2026-01-19,Customer_490,,Electronics,95024
1531,2026-01-17,Customer_429,Mobile,Electronics,43122
1532,2026-01-21,Customer_344,Headphones,Electronics,7660
1533,2026-04-21,Customer_356,Headphones,Electronics,86184
1534,2026-01-12,Customer_319,Mobile,Electronics,9429
1535,2026-04-14,Customer_388,Laptop,Electronics,99510
1536,2026-04-20,Customer_176,Camera,Electronics,32180
1537,2026-01-08,Customer_415,Smartwatch,Electronics,80181
1538,2026-01-16,Customer_535,Mobile,Electronics,32170
1539,2026-02-21,Customer_7,Mobile,Electronics,89913
1540,2026-04-02,Customer_256,Speaker,Electronics,57928
1541,2026-02-17,Customer_398,Smartwatch,Electronics,86078
1542,2026-01-08,Customer_358,Laptop,Electronics,4245
1543,2026-03-12,Customer_407,Laptop,Electronics,73223
1544,2026-02-10,Customer_644,Laptop,Electronics,71378
1545,2026-04-10,Customer_165,Laptop,Electronics,66428
1546,2026-01-14,Customer_67,Mobile,Electronics,57162
1547,2026-04-16,Customer_478,Smartwatch,Electronics,10383
1548,2026-02-06,Customer_334,Laptop,Electronics,59144
1549,2026-02-08,Customer_741,Mobile,Electronics,19986
1550,2026-03-01,Customer_507,Laptop,Electronics,53622
1551,2026-01-02,Customer_20,Speaker,Electronics,96326
1552,2026-02-05,Customer_709,Camera,Electronics,69486
1553,2026-03-09,Customer_391,Speaker,Electronics,39200
1554,2026-02-26,Customer_379,Tablet,Electronics,46389
1555,2026-03-06,Customer_299,Headphones,Electronics,44718
1556,2026-03-22,Customer_61,Camera,electronics,60706
1557,2026-01-18,Customer_184,Speaker,Electronics,28287
1558,2026-01-17,Customer_604,Laptop,Electronics,5561
1559,2026-04-06,Customer_410,Camera,Electronics,65159
1560,2026-02-17,Customer_503,Laptop,Electronics,28058
1561,2026-03-08,Customer_452,Speaker,Electronics,55839
1562,2026-04-27,Customer_147,Laptop,Electronics,67290
1563,2026-01-08,Customer_456,Tablet,Electronics,16044
1564,2026-04-06,Customer_35,Headphones,Electronics,34023
1565,2026-04-19,Customer_506,Smartwatch,Electronics,89845
1566,2026-02-15,Customer_74,Tablet,Electronics,26602
1567,2026-02-23,Customer_652,Speaker,Electronics,48408
1568,2026-03-11,Customer_47,Smartwatch,Electronics,36516
1569,2026-03-15,Customer_285,Headphones,Electronics,79430
1570,2026-04-03,Customer_70,Speaker,Electronics,92677rs
1571,2026-02-16,Customer_362,Mobile,Electronics,55705rs
1572,2026-04-11,Customer_37,Camera,Electronics,99209
1573,2026-02-15,Customer_519,Tablet,electronics,42812
1574,2026-04-21,Customer_701,Laptop,Electronics,25416
1575,2026-02-16,Customer_77,Speaker,Electronics,22878
1576,2026-04-29,Customer_265,Speaker,Electronics,N/A
1577,2026-02-05,Customer_245,Mobile,electronics,9700
1578,2026-02-21,Customer_106,Laptop,Electronics,13808
1579,2026-01-06,Customer_756,Laptop,Electronics,78297
1580,2026-02-04,,Smartwatch,Electronics,45943
1581,2026-03-14,Customer_648,,Electronics,17552
1582,2026-02-18,Customer_98,Mobile,Electronics,51772
1583,2026-01-12,Customer_191,Speaker,Electronics,50388
1584,2026-05-01,Customer_573,Camera,Electronics,44799
1585,2026-04-09,Customer_609,Speaker,Electronics,35099
1586,2026-03-04,Customer_767,Headphones,Electronics,73456
1587,2026-03-14,,Smartwatch,Electronics,80837
1588,2026-03-21,Customer_708,Tablet,Electronics,N/A
1589,2026-01-30,Customer_273,Smartwatch,Electronics,67978
1590,2026-03-13,Customer_539,Tablet,Electronics,90384
1591,2026-04-07,Customer_415,Speaker,Electronics,82988
1592,2026-03-07,Customer_590,Camera,Electronics,7655
1593,2026-02-06,Customer_30,Camera,Electronics,82rs
1594,2026-02-02,Customer_201,Mobile,Electronics,N/A
1595,2026-04-23,Customer_752,Smartwatch,Electronics,15520
1596,2026-04-22,Customer_77,Headphones,Electronics,53960
1597,2026-01-06,Customer_729,Mobile,Electronics,19396rs
1598,2026-02-07,Customer_450,Mobile,Electronics,7770
1599,2026-04-22,Customer_288,Tablet,Electronics,94434
1600,2026-01-22,Customer_663,Smartwatch,Electronics,59831
1601,2026-04-14,Customer_547,Camera,Electronics,76457
1602,2026-04-24,Customer_46,Speaker,Electronics,94662
1603,2026-03-23,Customer_202,Speaker,Electronics,41658
1604,2026-02-12,Customer_342,Mobile,Electronics,88650
1605,2026-03-02,Customer_35,Smartwatch,electronics,62195
1606,2026-03-07,Customer_112,,Electronics,47330
1607,2026-02-11,Customer_631,Headphones,Electronics,2211
1608,2026-04-19,Customer_456,Laptop,Electronics,60495
1609,2026-04-04,Customer_730,Smartwatch,Electronics,50053
1610,2026-02-25,Customer_619,Laptop,Electronics,75708
1611,2026-04-27,Customer_247,Smartwatch,Electronics,39089
1612,2026-03-14,Customer_694,Tablet,electronics,98585
1613,2026-04-01,Customer_574,Laptop,Electronics,9554
1614,2026-02-25,,Tablet,Electronics,30868
1615,2026-03-04,Customer_42,Headphones,Electronics,31033
1616,2026-02-28,Customer_180,Smartwatch,Electronics,42092
1617,2026-03-20,Customer_757,Tablet,Electronics,92258
1618,2026-04-30,Customer_462,Smartwatch,Electronics,36861
1619,2026-04-01,Customer_229,Headphones,Electronics,88766rs
1620,2026-03-12,Customer_89,Mobile,Electronics,49534
1621,2026-02-06,Customer_454,Speaker,Electronics,39528
1622,2026-04-09,Customer_217,Laptop,Electronics,38178
1623,2026-04-10,Customer_117,Mobile,Electronics,93710
1624,2026-01-07,Customer_26,Tablet,electronics,30286
1625,2026-01-30,Customer_645,Laptop,Electronics,30563
1626,2026-01-24,Customer_471,Mobile,Electronics,50469
1627,2026-03-27,Customer_368,Tablet,Electronics,60087
1628,2026-04-11,Customer_43,Laptop,Electronics,73612
1629,2026-01-02,Customer_49,Speaker,Electronics,54983
1630,2026-02-10,Customer_284,Camera,Electronics,98810
1631,2026-03-10,Customer_137,Laptop,Electronics,N/A
1632,2026-01-05,Customer_680,Camera,Electronics,6813
1633,2026-03-29,Customer_732,Tablet,Electronics,67878
1634,2026-01-21,Customer_259,Mobile,Electronics,77686
1635,2026-02-12,Customer_567,Smartwatch,Electronics,77684
1636,2026-01-06,,Camera,Electronics,2802
1637,2026-01-26,Customer_145,Headphones,Electronics,96022
1638,2026-04-28,Customer_634,Speaker,Electronics,30275
1639,2026-02-06,Customer_527,Laptop,Electronics,99121
1640,2026-01-08,Customer_741,Tablet,electronics,30613
1641,2026-02-07,Customer_314,Laptop,Electronics,39975
1642,2026-04-07,Customer_38,Camera,Electronics,48587
1643,2026-03-28,Customer_300,Tablet,Electronics,33943
1644,2026-03-21,Customer_557,Headphones,Electronics,96670
1645,2026-04-18,Customer_36,Tablet,Electronics,42263rs
1646,2026-03-11,Customer_79,Camera,Electronics,25302
1647,2026-03-02,Customer_426,Mobile,Electronics,83530
1648,2026-04-22,Customer_594,Headphones,Electronics,43387
1649,2026-02-04,Customer_753,Laptop,Electronics,88210
1650,2026-02-18,Customer_47,Smartwatch,Electronics,N/A
1651,2026-01-07,Customer_20,Laptop,electronics,85444
1652,2026-04-22,Customer_261,Speaker,Electronics,40480
1653,2026-04-06,Customer_601,Tablet,Electronics,76211
1654,2026-03-18,Customer_634,Headphones,Electronics,79929
1655,2026-02-18,Customer_248,Smartwatch,Electronics,81585
1656,2026-04-05,Customer_553,Headphones,Electronics,69223
1657,2026-03-21,Customer_390,Laptop,Electronics,N/A
1658,2026-02-04,Customer_361,Mobile,Electronics,70959
1659,2026-03-24,Customer_148,,Electronics,7887
1660,2026-03-19,Customer_258,Speaker,Electronics,81677
1661,2026-03-14,Customer_709,Mobile,Electronics,N/A
1662,2026-04-19,Customer_433,Smartwatch,electronics,N/A
1663,2026-04-22,Customer_85,Camera,Electronics,96844
1664,2026-04-23,Customer_323,Tablet,Electronics,70097
1665,2026-03-02,Customer_444,Camera,Electronics,25054
1666,2026-03-05,Customer_609,Mobile,Electronics,38866
1667,2026-03-18,Customer_711,Tablet,Electronics,52250
1668,2026-03-20,Customer_600,Tablet,Electronics,76212
1669,2026-03-20,Customer_289,Smartwatch,Electronics,34722
1670,2026-03-01,Customer_625,Mobile,Electronics,89278
1671,2026-01-27,Customer_100,,electronics,87686
1672,2026-02-06,Customer_75,Smartwatch,Electronics,97720
1673,2026-04-23,Customer_616,Laptop,Electronics,2448
1674,2026-02-08,Customer_572,Speaker,Electronics,19310
1675,2026-01-25,Customer_518,Headphones,Electronics,76669
1676,2026-04-05,Customer_70,Headphones,Electronics,47146
1677,2026-03-26,Customer_230,Speaker,Electronics,37562
1678,2026-01-20,Customer_236,Headphones,Electronics,69551
1679,2026-04-09,Customer_359,Speaker,Electronics,N/A
1680,2026-04-24,Customer_587,Speaker,Electronics,43329rs
1681,2026-04-27,Customer_372,Smartwatch,Electronics,67703
1682,2026-03-31,Customer_605,Mobile,Electronics,4635rs
1683,2026-02-19,Customer_444,Speaker,Electronics,65765
1684,2026-03-20,Customer_422,Mobile,Electronics,28072
1685,2026-04-09,Customer_596,Speaker,Electronics,7085
1686,2026-04-27,Customer_131,Tablet,Electronics,50949
1687,2026-04-27,Customer_227,Laptop,electronics,37417
1688,2026-04-01,Customer_648,Headphones,Electronics,70708
1689,2026-01-27,Customer_103,Tablet,Electronics,92171
1690,2026-04-18,Customer_733,Tablet,Electronics,99112
1691,2026-01-17,Customer_685,Speaker,Electronics,97140
1692,2026-04-17,Customer_564,Speaker,Electronics,9453
1693,2026-03-06,Customer_473,,Electronics,45953
1694,2026-04-10,,Headphones,Electronics,N/A
1695,2026-04-04,Customer_152,Laptop,Electronics,86125
1696,2026-01-08,Customer_267,Camera,Electronics,37620
1697,2026-02-02,Customer_504,Camera,Electronics,24658
1698,2026-02-03,Customer_358,Headphones,Electronics,57204
1699,2026-04-08,Customer_738,Mobile,Electronics,88127
1700,2026-04-25,Customer_660,Speaker,Electronics,4761
1701,2026-03-13,Customer_102,,Electronics,43500rs
1702,2026-01-19,Customer_55,Speaker,Electronics,43385
1703,2026-01-11,Customer_603,Mobile,Electronics,98299
1704,2026-01-01,Customer_359,Laptop,Electronics,53607
1705,2026-02-15,Customer_581,Mobile,electronics,80875
1706,2026-03-04,Customer_7,Laptop,electronics,30222
1707,2026-04-17,Customer_745,Mobile,Electronics,12918
1708,2026-03-23,Customer_330,Speaker,Electronics,57106
1709,2026-05-01,Customer_254,Speaker,Electronics,2435
1710,2026-01-10,,Speaker,Electronics,8787rs
1711,2026-04-02,Customer_106,Headphones,Electronics,97833rs
1712,2026-01-10,Customer_770,Laptop,Electronics,19073
1713,2026-03-09,Customer_659,Speaker,Electronics,94083
1714,2026-01-09,Customer_444,Tablet,electronics,42260
1715,2026-02-24,Customer_736,Laptop,Electronics,14175
1716,2026-03-16,Customer_556,Mobile,Electronics,26731
1717,2026-03-21,Customer_109,Tablet,Electronics,18363
1718,2026-02-17,Customer_163,Laptop,Electronics,21944
1719,2026-01-24,Customer_168,Mobile,Electronics,82738
1720,2026-01-26,Customer_81,Smartwatch,Electronics,16100
1721,2026-01-11,Customer_327,Laptop,Electronics,32588
1722,2026-02-12,Customer_230,Headphones,electronics,66034
1723,2026-03-14,Customer_125,Laptop,Electronics,5204
1724,2026-03-18,Customer_298,Smartwatch,Electronics,49244
1725,2026-01-07,Customer_576,Speaker,Electronics,92556
1726,2026-04-23,Customer_103,Camera,Electronics,19611
1727,2026-01-22,Customer_747,Tablet,Electronics,N/A
1728,2026-03-22,Customer_559,Mobile,Electronics,37112
1729,2026-04-26,Customer_314,Mobile,Electronics,98305
1730,2026-02-28,Customer_380,Smartwatch,Electronics,81183
1731,2026-04-27,Customer_431,Mobile,electronics,32128
1732,2026-01-10,Customer_560,Laptop,Electronics,14578rs
1733,2026-02-20,Customer_454,Smartwatch,Electronics,71055
1734,2026-01-11,Customer_328,Camera,Electronics,2670
1735,2026-01-17,Customer_778,Smartwatch,Electronics,46326
1736,2026-03-16,Customer_192,Headphones,Electronics,56892
1737,2026-01-01,Customer_207,Smartwatch,Electronics,5227
1738,2026-03-08,Customer_39,Laptop,electronics,51511
1739,2026-01-16,Customer_582,Mobile,Electronics,19903
1740,2026-01-20,Customer_347,Mobile,Electronics,63981
1741,2026-02-23,Customer_60,Smartwatch,Electronics,67716
1742,2026-01-14,Customer_366,Speaker,Electronics,81252
1743,2026-02-20,Customer_239,Laptop,Electronics,70008rs
1744,2026-03-16,Customer_275,Tablet,Electronics,9192
1745,2026-03-15,Customer_562,Tablet,Electronics,55890
1746,2026-01-23,Customer_37,Laptop,Electronics,9790
1747,2026-03-08,Customer_316,Headphones,Electronics,33027
1748,2026-02-04,Customer_96,Camera,Electronics,17544
1749,2026-03-18,Customer_380,Headphones,Electronics,3410
1750,2026-02-06,Customer_590,Smartwatch,Electronics,15004
1751,2026-03-11,Customer_644,Tablet,electronics,76286
1752,2026-01-08,Customer_739,Tablet,Electronics,16600
1753,2026-04-28,Customer_689,Speaker,Electronics,44976
1754,2026-01-30,Customer_362,Camera,Electronics,49646
1755,2026-01-25,Customer_155,Speaker,Electronics,63341
1756,2026-01-20,Customer_732,Speaker,Electronics,99647
1757,2026-01-06,Customer_193,Headphones,Electronics,58705
1758,2026-04-17,Customer_653,Speaker,Electronics,37189
1759,2026-01-23,Customer_683,Speaker,Electronics,70998
1760,2026-01-27,Customer_682,,Electronics,9443
1761,2026-02-28,Customer_576,,Electronics,90184
1762,2026-01-20,Customer_93,Speaker,Electronics,57943
1763,2026-04-08,Customer_93,Smartwatch,Electronics,76080
1764,2026-02-07,Customer_766,Speaker,Electronics,12135rs
1765,2026-01-02,Customer_151,Smartwatch,Electronics,12570
1766,2026-03-05,Customer_780,Speaker,Electronics,74867
1767,2026-02-14,Customer_501,Smartwatch,electronics,11284
1768,2026-01-06,Customer_630,,Electronics,35697
1769,2026-01-20,Customer_213,Headphones,Electronics,92845rs
1770,2026-04-14,Customer_131,Smartwatch,Electronics,85412
1771,2026-01-11,Customer_330,Headphones,Electronics,43152
1772,2026-02-27,Customer_350,Laptop,Electronics,15195
1773,2026-04-16,Customer_31,Tablet,Electronics,23537
1774,2026-04-23,Customer_417,Camera,Electronics,53060
1775,2026-02-27,Customer_156,Smartwatch,Electronics,63701
1776,2026-04-29,Customer_236,,Electronics,78799
1777,2026-04-09,Customer_282,Tablet,Electronics,51115
1778,2026-02-17,Customer_233,Laptop,electronics,34686
1779,2026-04-04,Customer_776,Smartwatch,Electronics,90744
1780,2026-03-27,Customer_464,Mobile,Electronics,79370rs
1781,2026-01-04,,Camera,Electronics,29893
1782,2026-01-09,Customer_508,Mobile,Electronics,44475
1783,2026-01-04,,Smartwatch,Electronics,50311
1784,2026-02-12,Customer_631,Speaker,Electronics,48666
1785,2026-01-04,Customer_415,Speaker,Electronics,31875
1786,2026-01-22,Customer_252,Smartwatch,Electronics,92752
1787,2026-01-24,Customer_48,Camera,Electronics,55185
1788,2026-01-15,Customer_242,Smartwatch,Electronics,N/A
1789,2026-04-20,Customer_18,Headphones,Electronics,56055
1790,2026-01-17,Customer_195,Camera,Electronics,21189
1791,2026-01-21,Customer_65,Laptop,Electronics,48986
1792,2026-03-15,Customer_483,Tablet,Electronics,51016rs
1793,2026-02-28,,,Electronics,87947
1794,2026-04-13,Customer_200,Smartwatch,Electronics,49628
1795,2026-02-10,Customer_99,Laptop,Electronics,35619
1796,2026-01-18,Customer_757,Camera,Electronics,34102
1797,2026-03-21,Customer_678,Smartwatch,Electronics,26944
1798,2026-04-06,Customer_775,Laptop,Electronics,85564
1799,2026-03-13,Customer_262,Headphones,Electronics,87635
1800,2026-01-14,Customer_98,Camera,Electronics,18114
1801,2026-04-27,Customer_202,Laptop,Electronics,36584
1802,2026-01-30,Customer_628,Speaker,Electronics,13422
1803,2026-02-25,Customer_748,Laptop,Electronics,70923
1804,2026-03-11,Customer_240,Laptop,Electronics,65455
1805,2026-01-29,Customer_212,Camera,Electronics,64042
1806,2026-01-06,Customer_44,Speaker,Electronics,46513
1807,2026-03-21,Customer_472,Headphones,Electronics,79061
1808,2026-03-01,Customer_631,Smartwatch,Electronics,40402
1809,2026-04-04,Customer_642,Laptop,Electronics,94907
1810,2026-01-24,Customer_592,Smartwatch,Electronics,16549
1811,2026-03-17,Customer_175,Camera,Electronics,41060
1812,2026-04-25,Customer_745,Smartwatch,Electronics,31185rs
1813,2026-02-27,Customer_91,Tablet,Electronics,12834
1814,2026-01-16,Customer_660,Headphones,Electronics,43756
1815,2026-04-20,,Camera,Electronics,49397
1816,2026-01-10,Customer_310,Tablet,Electronics,64182
1817,2026-04-23,Customer_617,Tablet,Electronics,23231
1818,2026-03-14,Customer_304,Mobile,Electronics,81416
1819,2026-02-19,Customer_259,Camera,Electronics,54549
1820,2026-03-28,Customer_599,Speaker,electronics,2654
1821,2026-01-03,Customer_441,Mobile,Electronics,18932
1822,2026-04-19,Customer_411,Speaker,Electronics,46503
1823,2026-01-24,Customer_687,,Electronics,41247
1824,2026-02-26,Customer_149,Camera,Electronics,19028
1825,2026-04-20,Customer_12,,Electronics,86433
1826,2026-04-25,Customer_60,Laptop,Electronics,99962
1827,2026-03-04,Customer_218,Mobile,Electronics,93398
1828,2026-01-06,Customer_536,Headphones,Electronics,6972
1829,2026-01-14,Customer_642,Laptop,Electronics,66578
1830,2026-03-03,Customer_724,Headphones,Electronics,71019
1831,2026-01-14,Customer_651,Smartwatch,Electronics,67995
1832,2026-03-23,Customer_648,Speaker,Electronics,35866
1833,2026-02-22,Customer_540,Mobile,Electronics,67884
1834,2026-01-30,Customer_261,Headphones,Electronics,83419
1835,2026-03-22,Customer_774,Smartwatch,Electronics,56953
1836,2026-04-15,Customer_642,Mobile,Electronics,32903
1837,2026-01-04,Customer_610,Smartwatch,Electronics,47099
1838,2026-03-12,Customer_309,Headphones,Electronics,48536
1839,2026-01-06,Customer_241,Smartwatch,Electronics,84786rs
1840,2026-01-24,Customer_88,Laptop,Electronics,17469
1841,2026-01-17,Customer_450,Camera,Electronics,36927
1842,2026-01-16,Customer_215,Camera,Electronics,91486
1843,2026-02-09,Customer_617,Camera,Electronics,48274
1844,2026-01-15,,Speaker,Electronics,76528
1845,2026-04-16,Customer_511,Smartwatch,Electronics,58010
1846,2026-01-19,Customer_559,Speaker,Electronics,76509
1847,2026-04-10,Customer_399,Smartwatch,Electronics,36732rs
1848,2026-03-12,Customer_574,Mobile,Electronics,50459
1849,2026-02-21,Customer_622,Smartwatch,Electronics,31276
1850,2026-04-28,Customer_747,Mobile,Electronics,19458
1851,2026-02-02,Customer_137,Camera,Electronics,49958
1852,2026-05-01,Customer_483,Camera,Electronics,24602
1853,2026-02-02,Customer_335,Laptop,Electronics,25034
1854,2026-02-10,Customer_546,Laptop,Electronics,N/A
1855,2026-02-08,Customer_460,Laptop,Electronics,93196
1856,2026-02-08,Customer_552,Camera,Electronics,15517
1857,2026-03-11,Customer_87,Camera,Electronics,85451
1858,2026-01-12,Customer_50,Speaker,Electronics,5489
1859,2026-01-19,Customer_458,Smartwatch,Electronics,27123
1860,2026-04-29,Customer_791,Headphones,Electronics,10920
1861,2026-03-02,Customer_414,Camera,Electronics,97095
1862,2026-04-05,Customer_258,Speaker,Electronics,87618
1863,2026-01-18,Customer_313,Tablet,Electronics,62043
1864,2026-03-06,Customer_772,Speaker,Electronics,10368
1865,2026-04-11,Customer_111,,Electronics,33887
1866,2026-04-08,Customer_378,Camera,Electronics,57255
1867,2026-01-28,Customer_341,Speaker,electronics,61949
1868,2026-01-21,Customer_150,,Electronics,53040
1869,2026-04-03,Customer_638,Smartwatch,Electronics,84093
1870,2026-01-29,Customer_564,Headphones,Electronics,76725
1871,2026-04-28,Customer_90,Laptop,Electronics,45771
1872,2026-04-13,Customer_720,Smartwatch,Electronics,45030
1873,2026-01-14,Customer_670,Headphones,electronics,34905
1874,2026-01-13,Customer_177,Speaker,Electronics,10512
1875,2026-02-12,Customer_605,Laptop,Electronics,99361
1876,2026-04-03,Customer_383,Mobile,Electronics,53412
1877,2026-04-25,Customer_367,Camera,Electronics,21619
1878,2026-01-22,Customer_186,Camera,Electronics,85952
1879,2026-03-08,Customer_129,Mobile,Electronics,87264
1880,2026-04-23,Customer_40,Speaker,Electronics,27386
1881,2026-01-11,Customer_287,Smartwatch,Electronics,9868
1882,2026-03-04,Customer_341,Laptop,Electronics,94744
1883,2026-01-03,Customer_373,Tablet,Electronics,42942rs
1884,2026-04-30,,Smartwatch,Electronics,31962rs
1885,2026-01-13,Customer_325,Mobile,Electronics,10037
1886,2026-01-02,Customer_352,Headphones,Electronics,71475
1887,2026-01-13,Customer_200,Laptop,electronics,13696
1888,2026-03-17,Customer_686,Speaker,Electronics,15030
1889,2026-04-06,Customer_748,Headphones,Electronics,22671
1890,2026-04-09,Customer_359,Laptop,Electronics,91663
1891,2026-02-08,Customer_651,Camera,Electronics,97467
1892,2026-04-26,Customer_417,Laptop,Electronics,5383
1893,2026-01-29,Customer_736,Mobile,Electronics,20315
1894,2026-03-25,Customer_71,Speaker,Electronics,17750
1895,2026-01-17,Customer_434,Speaker,Electronics,3781
1896,2026-04-25,Customer_225,Tablet,Electronics,28312
1897,2026-02-21,Customer_294,Headphones,Electronics,98446
1898,2026-03-06,Customer_288,Camera,Electronics,72435
1899,2026-02-03,Customer_592,Camera,Electronics,81960
1900,2026-03-24,Customer_222,Smartwatch,Electronics,95539
1901,2026-04-27,Customer_732,,Electronics,74052
1902,2026-02-08,Customer_786,,Electronics,35057
1903,2026-01-01,Customer_556,Laptop,Electronics,74089
1904,2026-01-04,Customer_81,,Electronics,26167
1905,2026-03-10,Customer_792,Mobile,Electronics,94903
1906,2026-04-21,Customer_467,Tablet,Electronics,92325
1907,2026-01-12,Customer_583,Camera,Electronics,93029
1908,2026-03-29,Customer_752,Tablet,Electronics,N/Ars
1909,2026-02-07,Customer_480,Speaker,Electronics,28919
1910,2026-01-21,Customer_632,Mobile,Electronics,48093
1911,2026-03-05,Customer_130,Speaker,Electronics,74495
1912,2026-03-15,,Camera,Electronics,62786
1913,2026-05-01,Customer_301,Camera,Electronics,21710
1914,2026-04-05,Customer_169,Tablet,Electronics,2831
1915,2026-02-22,Customer_536,Mobile,Electronics,47415
1916,2026-01-17,Customer_24,Speaker,Electronics,5843
1917,2026-02-06,Customer_723,Tablet,Electronics,13944
1918,2026-04-25,Customer_640,Camera,Electronics,55027
1919,2026-04-06,Customer_746,Headphones,Electronics,94348
1920,2026-02-09,Customer_185,Headphones,Electronics,90754
1921,2026-01-19,Customer_643,Tablet,Electronics,88536
1922,2026-03-11,Customer_190,Smartwatch,Electronics,72302
1923,2026-04-11,Customer_334,Laptop,Electronics,48598
1924,2026-03-14,Customer_439,Laptop,Electronics,2753
1925,2026-04-10,Customer_62,Mobile,Electronics,25080
1926,2026-02-01,Customer_384,Camera,Electronics,N/A
1927,2026-01-01,Customer_337,Tablet,Electronics,88646
1928,2026-04-14,Customer_425,Camera,Electronics,3155
1929,2026-04-13,Customer_627,Camera,Electronics,N/A
1930,2026-04-19,Customer_656,Laptop,Electronics,41312
1931,2026-03-27,Customer_123,Camera,Electronics,N/A
1932,2026-04-04,Customer_316,Mobile,electronics,65184
1933,2026-01-08,Customer_660,Laptop,Electronics,87322
1934,2026-04-28,Customer_292,Smartwatch,Electronics,42391
1935,2026-03-26,Customer_99,Smartwatch,Electronics,69905
1936,2026-02-11,Customer_692,Mobile,Electronics,89903rs
1937,2026-03-06,Customer_568,Smartwatch,Electronics,14814
1938,2026-04-08,Customer_451,Smartwatch,Electronics,93487
1939,2026-02-10,Customer_246,Smartwatch,Electronics,9195
1940,2026-03-23,Customer_324,Speaker,Electronics,73615
1941,2026-01-19,Customer_275,Laptop,Electronics,98665
1942,2026-02-09,Customer_225,Laptop,Electronics,78826
1943,2026-01-19,Customer_323,Headphones,Electronics,43043
1944,2026-01-09,Customer_185,Laptop,Electronics,55619
1945,2026-03-25,Customer_533,Smartwatch,Electronics,98923rs
1946,2026-03-08,Customer_702,Mobile,Electronics,71413
1947,2026-01-08,Customer_744,Speaker,Electronics,94721
1948,2026-03-19,Customer_293,Mobile,Electronics,56789
1949,2026-03-14,Customer_342,Speaker,Electronics,15135
1950,2026-01-31,Customer_339,Headphones,electronics,48681
1951,2026-04-25,Customer_760,Speaker,Electronics,99834
1952,2026-04-21,Customer_72,Camera,Electronics,95028
1953,2026-04-12,Customer_183,Headphones,Electronics,18431
1954,2026-03-22,Customer_575,Smartwatch,Electronics,97370
1955,2026-02-13,Customer_661,Speaker,Electronics,77703
1956,2026-01-22,Customer_144,Speaker,Electronics,91816
1957,2026-01-16,Customer_582,Headphones,Electronics,29987
1958,2026-01-12,Customer_559,,Electronics,44630
1959,2026-04-17,Customer_533,Tablet,Electronics,N/A
1960,2026-04-04,Customer_263,Camera,Electronics,53597
1961,2026-03-12,Customer_735,Smartwatch,Electronics,95633
1962,2026-02-17,Customer_261,Laptop,Electronics,51964
1963,2026-01-09,Customer_426,Camera,Electronics,69557
1964,2026-04-29,Customer_149,Tablet,Electronics,18187
1965,2026-02-04,Customer_182,Smartwatch,Electronics,35362
1966,2026-04-28,Customer_710,Tablet,Electronics,74753
1967,2026-01-21,Customer_116,Smartwatch,Electronics,49998
1968,2026-04-19,Customer_504,Camera,Electronics,77944
1969,2026-01-11,Customer_678,Speaker,Electronics,78872
1970,2026-03-30,Customer_321,Laptop,Electronics,668
1971,2026-01-27,Customer_513,Smartwatch,Electronics,12421
1972,2026-03-28,Customer_97,Laptop,Electronics,4562
1973,2026-04-29,Customer_158,Camera,electronics,61496
1974,2026-01-12,Customer_508,Laptop,Electronics,91104rs
1975,2026-04-23,Customer_238,Headphones,Electronics,83228
1976,2026-03-14,Customer_118,Headphones,Electronics,74102
1977,2026-03-15,Customer_645,Mobile,Electronics,20844
1978,2026-04-10,Customer_416,Mobile,Electronics,55648
1979,2026-04-17,Customer_611,Tablet,Electronics,38576
1980,2026-03-29,Customer_738,Camera,Electronics,71744
1981,2026-02-01,Customer_15,Camera,Electronics,78791
1982,2026-01-22,Customer_682,Laptop,Electronics,72546
1983,2026-02-28,Customer_202,Speaker,Electronics,2315
1984,2026-03-19,Customer_599,Smartwatch,Electronics,9699
1985,2026-04-17,Customer_740,Mobile,Electronics,70880
1986,2026-02-19,Customer_91,Mobile,Electronics,54441
1987,2026-01-07,Customer_42,Tablet,Electronics,6645
1988,2026-02-23,Customer_356,Camera,Electronics,7819
1989,2026-03-03,Customer_555,Laptop,Electronics,4881rs
1990,2026-03-29,Customer_161,Tablet,Electronics,99588
1991,2026-03-13,Customer_173,Camera,Electronics,61945
1992,2026-04-29,Customer_659,Speaker,Electronics,4057
1993,2026-01-20,Customer_427,Speaker,Electronics,8359
1994,2026-02-23,Customer_487,Camera,Electronics,42518
1995,2026-02-27,Customer_767,Smartwatch,electronics,97165
1996,2026-01-05,Customer_228,Camera,Electronics,77322
1997,2026-02-24,Customer_418,Speaker,Electronics,47623
1998,2026-02-07,Customer_138,Camera,Electronics,47996
1999,2026-03-12,Customer_513,Mobile,Electronics,83756
2000,2026-04-09,Customer_249,Headphones,Electronics,15086
2001,2026-04-16,Customer_369,Speaker,Electronics,48060
2002,2026-01-11,Customer_253,Laptop,Electronics,1046
2003,2026-03-07,Customer_634,Headphones,Electronics,83242
2004,2026-03-21,Customer_525,Headphones,Electronics,9302
2005,2026-04-18,Customer_559,Headphones,Electronics,78588
2006,2026-02-08,Customer_273,Speaker,Electronics,68008
2007,2026-01-31,Customer_193,Smartwatch,Electronics,81544
2008,2026-03-07,Customer_382,Smartwatch,Electronics,6295
2009,2026-02-12,Customer_576,,Electronics,72151rs
2010,2026-03-18,Customer_492,Mobile,Electronics,5615
2011,2026-02-01,Customer_440,Smartwatch,Electronics,30700
2012,2026-04-08,Customer_760,Smartwatch,Electronics,68702
2013,2026-04-02,Customer_459,Smartwatch,Electronics,18751
2014,2026-04-06,Customer_441,Mobile,Electronics,33933
2015,2026-02-09,Customer_676,Laptop,Electronics,43065
2016,2026-03-03,Customer_587,Smartwatch,Electronics,87325
2017,2026-02-07,Customer_1,Mobile,Electronics,23562
2018,2026-04-25,Customer_476,Laptop,Electronics,34916
2019,2026-01-18,Customer_480,Laptop,Electronics,N/A
2020,2026-01-02,Customer_258,Mobile,Electronics,43403
2021,2026-03-27,Customer_618,Laptop,Electronics,77870
2022,2026-03-01,Customer_383,Headphones,electronics,10420
2023,2026-01-26,Customer_546,Mobile,Electronics,48841
2024,2026-01-18,Customer_287,,Electronics,99644
2025,2026-03-06,Customer_704,Mobile,Electronics,63819
2026,2026-03-25,Customer_393,Camera,Electronics,72049
2027,2026-02-09,Customer_334,Speaker,Electronics,98800
2028,2026-03-12,Customer_621,Mobile,electronics,80241
2029,2026-03-08,Customer_531,Camera,Electronics,31064
2030,2026-03-15,Customer_562,Smartwatch,Electronics,17610
2031,2026-04-06,Customer_188,Camera,Electronics,69876
2032,2026-01-29,Customer_39,Tablet,Electronics,69613
2033,2026-02-18,Customer_301,Laptop,Electronics,18762
2034,2026-01-12,Customer_770,Camera,Electronics,3637
2035,2026-01-04,Customer_345,Laptop,Electronics,97212
2036,2026-01-17,,Camera,Electronics,60022
2037,2026-03-01,Customer_306,Smartwatch,Electronics,38676
2038,2026-03-10,Customer_225,Laptop,Electronics,80137
2039,2026-02-12,Customer_259,Headphones,Electronics,43625
2040,2026-02-14,Customer_409,Camera,Electronics,6829
2041,2026-03-26,Customer_682,Smartwatch,Electronics,85258
2042,2026-01-25,Customer_401,Smartwatch,Electronics,99476
2043,2026-02-09,Customer_504,Mobile,Electronics,63319
2044,2026-01-11,Customer_680,,Electronics,16229rs
2045,2026-03-25,Customer_791,Headphones,Electronics,33427
2046,2026-03-23,Customer_116,Speaker,Electronics,87587
2047,2026-02-24,Customer_414,Mobile,Electronics,61023
2048,2026-03-23,Customer_51,Mobile,Electronics,14620
2049,2026-02-07,Customer_629,Headphones,Electronics,20659
2050,2026-04-23,Customer_12,Headphones,Electronics,78053
2051,2026-03-18,Customer_100,Camera,Electronics,8625
2052,2026-01-30,Customer_42,Camera,Electronics,91842
2053,2026-02-23,Customer_87,Camera,Electronics,46940
2054,2026-01-23,Customer_32,Camera,Electronics,594
2055,2026-01-09,Customer_781,Speaker,Electronics,96833
2056,2026-04-19,Customer_25,Mobile,Electronics,14796
2057,2026-01-14,Customer_620,Speaker,Electronics,24995
2058,2026-01-25,Customer_646,Tablet,Electronics,48210
2059,2026-03-07,Customer_408,Speaker,Electronics,22404
2060,2026-01-17,Customer_39,,Electronics,45271
2061,2026-04-14,Customer_666,Smartwatch,Electronics,32326
2062,2026-03-22,Customer_464,Laptop,Electronics,20555
2063,2026-03-04,Customer_631,Smartwatch,Electronics,94677
2064,2026-02-08,Customer_266,Headphones,Electronics,48844
2065,2026-01-15,Customer_559,Headphones,Electronics,95184
2066,2026-02-06,Customer_357,Tablet,Electronics,43926
2067,2026-01-11,Customer_110,Tablet,Electronics,8027
2068,2026-04-03,Customer_340,Headphones,Electronics,N/A
2069,2026-05-01,Customer_572,Laptop,Electronics,57612
2070,2026-04-17,Customer_595,Headphones,Electronics,25237
2071,2026-02-22,Customer_758,Smartwatch,Electronics,81994
2072,2026-02-11,Customer_171,Tablet,Electronics,17141
2073,2026-02-01,Customer_245,Laptop,Electronics,77540
2074,2026-02-04,Customer_170,Headphones,Electronics,22827
2075,2026-04-11,Customer_395,Tablet,Electronics,68496
2076,2026-05-01,Customer_267,Camera,Electronics,77373
2077,2026-02-27,Customer_9,Tablet,Electronics,25073
2078,2026-03-08,Customer_240,Camera,Electronics,6145
2079,2026-04-19,Customer_41,Headphones,Electronics,6263
2080,2026-01-26,Customer_217,Headphones,Electronics,25143
2081,2026-01-14,Customer_524,Headphones,Electronics,58941
2082,2026-02-18,Customer_762,Camera,Electronics,11631
2083,2026-01-01,Customer_133,Headphones,Electronics,50843
2084,2026-03-30,Customer_671,Tablet,Electronics,68945
2085,2026-02-06,,Smartwatch,Electronics,81845
2086,2026-04-26,Customer_110,,Electronics,19747
2087,2026-03-03,Customer_25,Tablet,Electronics,24370
2088,2026-03-08,Customer_565,Speaker,Electronics,96065
2089,2026-02-11,Customer_364,Camera,Electronics,4865
2090,2026-02-26,Customer_247,Mobile,Electronics,76400
2091,2026-02-03,,Camera,Electronics,79001
2092,2026-04-13,Customer_754,,Electronics,88794
2093,2026-03-30,,Laptop,Electronics,46979
2094,2026-04-06,Customer_707,,Electronics,58694
2095,2026-04-30,Customer_207,Tablet,Electronics,80674
2096,2026-02-19,Customer_336,Tablet,Electronics,8323
2097,2026-04-26,Customer_749,Tablet,Electronics,9054
2098,2026-04-27,Customer_249,Camera,Electronics,10376
2099,2026-04-20,Customer_722,Tablet,Electronics,48697
2100,2026-01-03,Customer_112,Mobile,Electronics,62773
2101,2026-03-30,Customer_470,Speaker,Electronics,57187
2102,2026-01-24,Customer_528,Speaker,electronics,2819
2103,2026-03-13,,Headphones,Electronics,25829
2104,2026-03-05,,Smartwatch,Electronics,64973
2105,2026-04-06,Customer_14,Smartwatch,Electronics,30921
2106,2026-04-01,Customer_103,Speaker,Electronics,93696
2107,2026-01-19,Customer_270,Laptop,Electronics,271
2108,2026-03-02,Customer_769,Headphones,Electronics,32752
2109,2026-02-19,Customer_158,Mobile,Electronics,43135
2110,2026-01-23,Customer_707,Headphones,Electronics,56257
2111,2026-01-13,Customer_787,Tablet,Electronics,44329
2112,2026-02-25,Customer_215,Speaker,Electronics,N/A
2113,2026-04-03,Customer_325,Headphones,Electronics,10349
2114,2026-03-19,Customer_219,Laptop,Electronics,26071
2115,2026-01-27,Customer_213,Smartwatch,Electronics,20426
2116,2026-01-27,Customer_617,Camera,Electronics,78475
2117,2026-01-13,Customer_572,Headphones,Electronics,1830
2118,2026-03-23,Customer_209,Smartwatch,Electronics,91152
2119,2026-02-04,,Camera,Electronics,32540
2120,2026-02-22,Customer_515,Headphones,Electronics,83778
2121,2026-01-25,Customer_175,Smartwatch,Electronics,56057rs
2122,2026-01-30,,Laptop,Electronics,21834
2123,2026-04-27,Customer_423,Smartwatch,Electronics,10629
2124,2026-02-09,Customer_764,Tablet,Electronics,42211
2125,2026-03-20,Customer_774,Speaker,electronics,77980
2126,2026-02-15,Customer_58,Smartwatch,Electronics,17892
2127,2026-02-10,Customer_325,Mobile,Electronics,12007rs
2128,2026-04-29,Customer_796,Tablet,Electronics,23852
2129,2026-02-08,,Smartwatch,Electronics,36853
2130,2026-03-17,Customer_215,Laptop,Electronics,N/A
2131,2026-04-11,Customer_587,Smartwatch,Electronics,4228
2132,2026-03-01,Customer_130,Laptop,electronics,722
2133,2026-02-05,Customer_221,Headphones,Electronics,46818
2134,2026-04-13,Customer_274,Tablet,Electronics,94915
2135,2026-01-24,Customer_156,Laptop,Electronics,14588
2136,2026-02-18,Customer_210,Smartwatch,Electronics,19307
2137,2026-01-13,Customer_535,Mobile,Electronics,29528
2138,2026-03-31,Customer_213,Smartwatch,Electronics,35893
2139,2026-01-24,Customer_257,Speaker,Electronics,41515
2140,2026-03-17,Customer_243,Speaker,Electronics,95026
2141,2026-02-12,Customer_798,Mobile,Electronics,22181
2142,2026-03-10,Customer_40,Headphones,Electronics,N/A
2143,2026-01-20,,,Electronics,80820
2144,2026-04-07,Customer_282,Camera,Electronics,25404
2145,2026-04-13,Customer_111,Speaker,Electronics,62726
2146,2026-02-18,Customer_187,Camera,Electronics,56358
2147,2026-03-26,Customer_617,Mobile,electronics,89455rs
2148,2026-02-05,Customer_16,Headphones,Electronics,91289
2149,2026-03-28,Customer_574,Smartwatch,Electronics,84336
2150,2026-01-10,Customer_321,Laptop,Electronics,27635
2151,2026-02-09,Customer_310,Headphones,Electronics,66992
2152,2026-01-14,Customer_228,Smartwatch,electronics,82775
2153,2026-03-10,Customer_73,Laptop,Electronics,6748
2154,2026-02-26,,Mobile,Electronics,1359rs
2155,2026-03-22,Customer_210,Camera,Electronics,76529
2156,2026-02-15,Customer_573,Tablet,Electronics,9845
2157,2026-02-19,Customer_739,Camera,Electronics,91655
2158,2026-04-15,,Tablet,Electronics,76001
2159,2026-01-31,,Speaker,electronics,52022
2160,2026-02-24,Customer_416,Smartwatch,Electronics,59470
2161,2026-02-12,Customer_8,Tablet,Electronics,68920
2162,2026-04-07,Customer_482,Smartwatch,Electronics,51888
2163,2026-01-04,,Camera,Electronics,51253
2164,2026-03-19,Customer_705,Tablet,Electronics,21478rs
2165,2026-01-27,Customer_210,Laptop,Electronics,8855
2166,2026-03-06,,Laptop,Electronics,4601
2167,2026-02-11,Customer_665,Smartwatch,Electronics,5531
2168,2026-01-16,Customer_504,Tablet,Electronics,26232
2169,2026-04-14,Customer_99,Mobile,Electronics,30058
2170,2026-02-17,Customer_185,Speaker,Electronics,78841
2171,2026-04-14,Customer_326,Headphones,Electronics,87788
2172,2026-04-01,Customer_71,Smartwatch,Electronics,56722
2173,2026-01-08,Customer_522,Mobile,Electronics,51465
2174,2026-03-20,Customer_128,Speaker,Electronics,29272
2175,2026-01-29,Customer_270,Smartwatch,Electronics,67524
2176,2026-01-17,Customer_529,Smartwatch,Electronics,48028
2177,2026-03-29,Customer_179,Camera,Electronics,90169
2178,2026-01-03,Customer_14,,Electronics,4401
2179,2026-03-03,Customer_761,Smartwatch,Electronics,58862
2180,2026-04-14,Customer_99,Mobile,Electronics,39329
2181,2026-01-25,Customer_182,Laptop,Electronics,55239
2182,2026-01-16,Customer_609,Camera,Electronics,4335
2183,2026-03-22,Customer_573,Laptop,Electronics,86524
2184,2026-02-09,Customer_731,Smartwatch,Electronics,28917
2185,2026-03-11,Customer_16,Camera,Electronics,90542
2186,2026-04-30,Customer_379,Camera,electronics,33408
2187,2026-01-27,Customer_522,Camera,Electronics,96172
2188,2026-01-01,Customer_611,Headphones,Electronics,39665
2189,2026-04-08,,Smartwatch,Electronics,41812rs
2190,2026-03-02,Customer_603,Smartwatch,Electronics,N/A
2191,2026-01-23,Customer_667,Smartwatch,Electronics,78299
2192,2026-02-11,Customer_144,Headphones,Electronics,24134
2193,2026-04-21,Customer_701,Smartwatch,Electronics,99371
2194,2026-04-20,Customer_664,Laptop,Electronics,93808
2195,2026-01-06,Customer_309,Speaker,Electronics,36551
2196,2026-04-20,Customer_674,Laptop,Electronics,77413
2197,2026-03-13,Customer_537,Camera,Electronics,39935
2198,2026-02-28,Customer_319,Laptop,Electronics,34124
2199,2026-01-06,Customer_213,Laptop,Electronics,48893
2200,2026-01-13,Customer_524,Camera,Electronics,45806
2201,2026-01-05,Customer_353,Tablet,Electronics,24899
2202,2026-01-30,Customer_519,Headphones,Electronics,22838
2203,2026-03-16,Customer_481,Mobile,Electronics,15912
2204,2026-02-10,Customer_651,Smartwatch,Electronics,17208
2205,2026-03-19,Customer_201,Laptop,Electronics,87840
2206,2026-04-21,Customer_497,Headphones,Electronics,75164
2207,2026-03-18,Customer_227,Speaker,Electronics,45556
2208,2026-04-24,Customer_191,Mobile,Electronics,8595
2209,2026-03-26,Customer_37,Mobile,Electronics,92942
2210,2026-04-22,Customer_411,Mobile,Electronics,57499
2211,2026-02-09,Customer_303,Smartwatch,Electronics,23019
2212,2026-02-05,Customer_704,Smartwatch,Electronics,4942
2213,2026-02-25,Customer_719,Mobile,Electronics,39879
2214,2026-03-24,Customer_36,Tablet,electronics,31137
2215,2026-01-24,Customer_679,Smartwatch,Electronics,42676
2216,2026-03-10,Customer_634,Tablet,Electronics,99027
2217,2026-01-26,,Laptop,Electronics,26818
2218,2026-02-26,Customer_774,Mobile,Electronics,9263
2219,2026-02-06,Customer_348,Tablet,Electronics,80945
2220,2026-02-14,Customer_250,Laptop,Electronics,2688
2221,2026-03-08,Customer_531,Speaker,Electronics,85026
2222,2026-04-26,Customer_68,Headphones,Electronics,N/Ars
2223,2026-04-13,Customer_312,Camera,Electronics,24776
2224,2026-04-22,Customer_61,Mobile,Electronics,12444
2225,2026-04-10,Customer_792,Tablet,electronics,43796
2226,2026-01-29,Customer_371,Laptop,Electronics,57684
2227,2026-02-20,Customer_503,Headphones,Electronics,35325
2228,2026-01-10,Customer_290,Mobile,Electronics,62620
2229,2026-03-14,Customer_146,Smartwatch,Electronics,48764
2230,2026-01-20,,Mobile,Electronics,96958
2231,2026-04-02,Customer_350,Tablet,Electronics,82416
2232,2026-01-13,Customer_356,Camera,Electronics,49941rs
2233,2026-04-23,Customer_171,Speaker,Electronics,32947
2234,2026-04-12,Customer_748,Mobile,Electronics,62548
2235,2026-02-22,Customer_691,Headphones,Electronics,N/Ars
2236,2026-04-04,Customer_70,Laptop,Electronics,98022
2237,2026-04-11,Customer_639,Camera,Electronics,8810
2238,2026-04-27,Customer_352,Mobile,electronics,77242
2239,2026-02-06,Customer_202,Headphones,Electronics,26296
2240,2026-03-22,Customer_216,Speaker,Electronics,20164
2241,2026-04-25,Customer_81,Camera,Electronics,91850
2242,2026-03-02,Customer_646,Camera,Electronics,63542rs
2243,2026-01-17,Customer_258,Smartwatch,Electronics,96241
2244,2026-02-18,Customer_94,Mobile,Electronics,22214
2245,2026-02-25,Customer_41,Mobile,Electronics,85923
2246,2026-01-28,Customer_196,Mobile,Electronics,32075
2247,2026-04-20,Customer_755,Tablet,Electronics,63084
2248,2026-04-09,Customer_312,Speaker,Electronics,89923
2249,2026-01-22,Customer_662,Speaker,Electronics,N/A
2250,2026-01-04,Customer_293,Smartwatch,Electronics,64166
2251,2026-01-18,Customer_354,Camera,Electronics,41740
2252,2026-04-06,Customer_163,Camera,electronics,90065
2253,2026-04-08,Customer_572,Camera,Electronics,N/A
2254,2026-02-05,,Camera,Electronics,13080
2255,2026-03-29,Customer_26,Smartwatch,Electronics,5740
2256,2026-03-25,Customer_232,Speaker,electronics,51095
2257,2026-01-14,Customer_206,Tablet,Electronics,54207
2258,2026-03-05,Customer_724,Tablet,Electronics,76387
2259,2026-04-10,Customer_555,Headphones,Electronics,50686rs
2260,2026-01-18,Customer_376,Mobile,Electronics,39405
2261,2026-04-16,Customer_159,Laptop,Electronics,12289
2262,2026-03-03,Customer_544,Smartwatch,Electronics,N/A
2263,2026-04-30,Customer_452,Speaker,Electronics,35010
2264,2026-01-06,Customer_396,Laptop,Electronics,62847
2265,2026-02-10,Customer_215,Camera,Electronics,83666rs
2266,2026-04-10,Customer_381,Headphones,Electronics,99253
2267,2026-04-12,Customer_706,Smartwatch,Electronics,57157
2268,2026-04-06,Customer_556,Speaker,Electronics,N/A
2269,2026-04-19,Customer_195,Laptop,Electronics,49474
2270,2026-04-25,Customer_166,Smartwatch,Electronics,11991
2271,2026-02-22,Customer_493,Headphones,Electronics,N/A
2272,2026-01-09,,Camera,Electronics,N/A
2273,2026-04-19,Customer_264,Headphones,Electronics,67438
2274,2026-03-25,Customer_462,Camera,Electronics,62736
2275,2026-04-23,Customer_42,Headphones,Electronics,57895
2276,2026-04-13,Customer_142,Speaker,Electronics,8281
2277,2026-03-24,Customer_782,Camera,Electronics,59866
2278,2026-01-13,Customer_75,Smartwatch,Electronics,56047
2279,2026-03-04,,Speaker,Electronics,76101
2280,2026-01-17,Customer_276,Headphones,Electronics,94030
2281,2026-01-06,Customer_58,Laptop,Electronics,N/A
2282,2026-01-04,Customer_743,Mobile,Electronics,23892
2283,2026-03-13,Customer_32,Smartwatch,Electronics,88352
2284,2026-01-03,Customer_614,Speaker,Electronics,60143
2285,2026-03-15,,Mobile,Electronics,N/A
2286,2026-04-05,Customer_147,Laptop,Electronics,50406
2287,2026-03-17,Customer_363,Speaker,Electronics,78463
2288,2026-04-29,Customer_431,Speaker,Electronics,44538
2289,2026-04-25,Customer_536,Mobile,electronics,55567
2290,2026-03-12,Customer_148,Mobile,Electronics,79519
2291,2026-03-12,Customer_389,Mobile,Electronics,62749
2292,2026-02-22,Customer_552,Headphones,Electronics,52683
2293,2026-03-20,Customer_644,Smartwatch,Electronics,31803
2294,2026-01-19,Customer_91,Headphones,Electronics,64640
2295,2026-01-19,Customer_555,Laptop,Electronics,6695
2296,2026-02-28,Customer_686,Camera,Electronics,37259
2297,2026-03-16,Customer_248,Speaker,electronics,70174
2298,2026-03-28,Customer_174,Speaker,Electronics,39093rs
2299,2026-03-12,,Mobile,Electronics,29654
2300,2026-02-03,Customer_312,Speaker,Electronics,11545
2301,2026-02-16,Customer_232,Camera,Electronics,41942
2302,2026-01-06,,Smartwatch,Electronics,13243
2303,2026-02-01,Customer_687,Headphones,Electronics,13196
2304,2026-03-06,Customer_746,,Electronics,72096
2305,2026-02-16,Customer_567,Speaker,Electronics,75354rs
2306,2026-01-19,Customer_393,Mobile,Electronics,48916
2307,2026-04-13,Customer_569,Camera,Electronics,48730
2308,2026-04-20,Customer_98,Laptop,Electronics,93025
2309,2026-01-13,Customer_103,Camera,Electronics,56020
2310,2026-02-15,Customer_376,Speaker,Electronics,86896
2311,2026-04-06,Customer_287,Mobile,Electronics,91581
2312,2026-04-15,Customer_524,Laptop,Electronics,35617
2313,2026-02-21,Customer_686,Mobile,Electronics,90159
2314,2026-03-07,Customer_758,Smartwatch,Electronics,84963
2315,2026-04-04,Customer_787,Camera,Electronics,69083rs
2316,2026-02-12,Customer_543,Camera,Electronics,30986
2317,2026-03-29,Customer_770,Smartwatch,Electronics,13820
2318,2026-01-26,Customer_163,Camera,Electronics,96302
2319,2026-04-09,Customer_293,Headphones,Electronics,62788
2320,2026-02-01,Customer_15,Speaker,Electronics,35826
2321,2026-02-01,Customer_618,Laptop,Electronics,98704
2322,2026-02-20,Customer_8,Mobile,Electronics,81440
2323,2026-02-26,Customer_14,Speaker,Electronics,28036
2324,2026-02-06,Customer_112,Laptop,Electronics,89532
2325,2026-03-17,Customer_601,Camera,Electronics,21628
2326,2026-04-03,Customer_110,Mobile,Electronics,N/A
2327,2026-04-17,Customer_620,Laptop,Electronics,39012
2328,2026-01-24,Customer_595,,Electronics,58201
2329,2026-04-27,Customer_265,Camera,Electronics,4002
2330,2026-02-04,Customer_774,Speaker,Electronics,35693
2331,2026-02-03,Customer_523,Headphones,Electronics,51760
2332,2026-04-29,Customer_26,Camera,electronics,N/A
2333,2026-03-22,Customer_556,Smartwatch,Electronics,95949
2334,2026-04-11,Customer_659,,Electronics,43182
2335,2026-03-08,Customer_472,Tablet,Electronics,68685
2336,2026-04-11,Customer_105,Mobile,Electronics,64377
2337,2026-02-18,Customer_564,Laptop,Electronics,22110
2338,2026-03-20,Customer_301,Mobile,Electronics,44665
2339,2026-02-04,Customer_62,Tablet,Electronics,33008rs
2340,2026-02-16,Customer_535,Speaker,Electronics,92429
2341,2026-04-12,,,Electronics,61489
2342,2026-03-01,Customer_174,Mobile,Electronics,16622
2343,2026-02-02,Customer_440,Tablet,Electronics,37702
2344,2026-01-14,Customer_38,Speaker,Electronics,34179
2345,2026-02-28,Customer_223,Laptop,Electronics,3974
2346,2026-04-14,Customer_24,Headphones,Electronics,45406
2347,2026-02-23,Customer_359,Camera,Electronics,67162
2348,2026-01-06,Customer_588,Camera,Electronics,N/A
2349,2026-03-11,Customer_329,Speaker,Electronics,4133rs
2350,2026-02-04,Customer_310,Camera,Electronics,58291
2351,2026-04-07,Customer_775,Camera,Electronics,16804
2352,2026-04-07,Customer_208,Speaker,Electronics,49181
2353,2026-01-05,Customer_686,Speaker,Electronics,53997
2354,2026-01-30,Customer_114,Speaker,Electronics,37376
2355,2026-01-26,Customer_233,Camera,Electronics,72384
2356,2026-02-24,Customer_163,Camera,Electronics,25594
2357,2026-04-16,Customer_358,Laptop,Electronics,81762
2358,2026-04-26,Customer_453,Tablet,Electronics,71585
2359,2026-01-02,Customer_493,Camera,Electronics,11324
2360,2026-02-09,Customer_310,Speaker,Electronics,57902
2361,2026-03-25,Customer_29,Mobile,Electronics,24241
2362,2026-03-12,Customer_483,Laptop,Electronics,25437
2363,2026-01-06,Customer_149,Headphones,Electronics,8577
2364,2026-04-07,Customer_335,Headphones,Electronics,21894
2365,2026-04-12,Customer_342,Smartwatch,Electronics,70729
2366,2026-04-15,Customer_510,Camera,Electronics,97047
2367,2026-03-19,Customer_121,Smartwatch,Electronics,61546
2368,2026-04-27,Customer_113,Smartwatch,Electronics,34186
2369,2026-01-06,Customer_538,Headphones,Electronics,69250
2370,2026-02-22,,Mobile,Electronics,73245rs
2371,2026-03-30,Customer_684,,electronics,51563
2372,2026-02-08,Customer_4,Headphones,Electronics,22884rs
2373,2026-03-19,Customer_547,Laptop,Electronics,55455
2374,2026-03-26,Customer_585,Smartwatch,Electronics,83814
2375,2026-01-29,Customer_553,Mobile,Electronics,17665
2376,2026-03-27,Customer_641,Mobile,Electronics,49767
2377,2026-01-17,Customer_278,Smartwatch,Electronics,33263rs
2378,2026-01-19,Customer_80,Laptop,Electronics,88616
2379,2026-02-19,Customer_570,Smartwatch,Electronics,27347
2380,2026-02-24,Customer_294,Smartwatch,electronics,99318
2381,2026-01-04,Customer_153,,Electronics,19517
2382,2026-02-15,Customer_414,Tablet,Electronics,98617
2383,2026-01-02,Customer_392,,Electronics,82598
2384,2026-04-30,Customer_4,Speaker,Electronics,27467
2385,2026-02-03,Customer_267,Laptop,Electronics,17603
2386,2026-01-10,Customer_494,Mobile,Electronics,42348
2387,2026-04-15,Customer_592,Camera,Electronics,7479
2388,2026-03-10,Customer_540,Headphones,Electronics,89438
2389,2026-03-21,Customer_392,Camera,Electronics,45754
2390,2026-02-15,Customer_695,Tablet,Electronics,93639
2391,2026-02-22,Customer_435,Smartwatch,Electronics,10610
2392,2026-01-13,Customer_545,Speaker,Electronics,35738
2393,2026-04-28,Customer_619,Mobile,Electronics,2650rs
2394,2026-02-21,Customer_449,,Electronics,8560
2395,2026-01-13,Customer_69,Mobile,Electronics,73095
2396,2026-01-27,Customer_448,Laptop,Electronics,23728
2397,2026-01-01,Customer_714,Laptop,electronics,N/A
2398,2026-03-18,Customer_646,Speaker,Electronics,67576
2399,2026-03-25,Customer_408,Speaker,Electronics,29368rs
2400,2026-03-13,Customer_383,Speaker,electronics,19373
2401,2026-02-05,Customer_589,Smartwatch,Electronics,16779
2402,2026-01-08,Customer_419,Speaker,Electronics,32617
2403,2026-03-14,Customer_554,Tablet,Electronics,19171
2404,2026-03-23,,Tablet,Electronics,63780
2405,2026-01-30,,Mobile,Electronics,37204
2406,2026-01-09,Customer_180,Headphones,Electronics,64966
2407,2026-04-22,Customer_183,Laptop,Electronics,44484
2408,2026-03-27,Customer_429,Mobile,Electronics,62587
2409,2026-03-11,Customer_665,Headphones,Electronics,62329
2410,2026-02-27,Customer_652,Speaker,Electronics,52655
2411,2026-01-26,Customer_158,Headphones,Electronics,12168
2412,2026-04-09,Customer_436,Tablet,Electronics,88890
2413,2026-01-21,Customer_468,Headphones,Electronics,46420
2414,2026-03-23,Customer_442,Headphones,Electronics,75819
2415,2026-01-21,Customer_783,Tablet,Electronics,N/A
2416,2026-04-15,Customer_228,Laptop,Electronics,84121rs
2417,2026-01-12,Customer_643,Mobile,Electronics,71139
2418,2026-04-04,Customer_552,Speaker,Electronics,73997
2419,2026-03-20,Customer_462,Speaker,Electronics,87459
2420,2026-04-16,Customer_404,Laptop,Electronics,72285
2421,2026-03-06,Customer_698,Headphones,Electronics,28613
2422,2026-03-24,Customer_141,Headphones,Electronics,1794
2423,2026-03-25,Customer_90,Laptop,Electronics,84971
2424,2026-02-04,Customer_562,Speaker,Electronics,75218
2425,2026-01-26,Customer_104,Laptop,Electronics,27383
2426,2026-02-18,Customer_629,Camera,Electronics,30386
2427,2026-03-15,Customer_532,Headphones,Electronics,65173
2428,2026-02-17,Customer_92,Laptop,Electronics,12032
2429,2026-01-14,Customer_220,Smartwatch,Electronics,57773
2430,2026-03-15,Customer_235,Smartwatch,Electronics,88920
2431,2026-01-19,Customer_63,Laptop,Electronics,93499
2432,2026-02-23,Customer_723,Camera,Electronics,33855
2433,2026-04-24,Customer_192,Headphones,Electronics,74710
2434,2026-03-23,Customer_474,Tablet,Electronics,45065
2435,2026-02-26,Customer_606,Laptop,Electronics,52856
2436,2026-04-04,Customer_123,Headphones,Electronics,N/A
2437,2026-04-20,Customer_541,Speaker,Electronics,9377
2438,2026-03-06,Customer_115,Smartwatch,Electronics,7563
2439,2026-02-18,Customer_139,Camera,Electronics,N/A
2440,2026-02-22,Customer_523,Speaker,Electronics,69863
2441,2026-02-17,,Mobile,Electronics,56364
2442,2026-03-08,,Mobile,Electronics,84070
2443,2026-04-03,Customer_53,Speaker,Electronics,18092
2444,2026-01-15,Customer_678,Headphones,Electronics,73686
2445,2026-04-12,Customer_272,Camera,Electronics,87965
2446,2026-04-29,Customer_91,Smartwatch,Electronics,73680
2447,2026-01-15,Customer_446,Camera,Electronics,7654
2448,2026-02-12,Customer_210,Headphones,Electronics,N/A
2449,2026-02-09,Customer_657,Camera,Electronics,19779
2450,2026-04-26,Customer_528,Mobile,Electronics,45341
2451,2026-03-09,Customer_530,,Electronics,67898rs
2452,2026-01-14,Customer_152,Camera,Electronics,9054
2453,2026-01-14,Customer_237,Headphones,Electronics,36386
2454,2026-04-03,Customer_50,Laptop,Electronics,87781
2455,2026-03-16,Customer_419,Camera,Electronics,32821
2456,2026-01-07,Customer_797,Speaker,Electronics,70388
2457,2026-02-11,Customer_343,Smartwatch,Electronics,64309
2458,2026-01-13,Customer_200,,Electronics,N/Ars
2459,2026-02-24,Customer_445,Tablet,Electronics,50202
2460,2026-01-19,Customer_793,Smartwatch,Electronics,86874
2461,2026-03-11,Customer_784,Tablet,Electronics,82977
2462,2026-04-10,Customer_169,Headphones,Electronics,35013
2463,2026-01-10,Customer_259,Camera,Electronics,27635
2464,2026-04-01,Customer_103,Mobile,Electronics,38037
2465,2026-03-01,Customer_795,Speaker,Electronics,18610
2466,2026-04-19,Customer_42,Tablet,Electronics,26372
2467,2026-03-10,Customer_482,Speaker,Electronics,16841
2468,2026-03-20,Customer_544,Mobile,Electronics,36521rs
2469,2026-03-17,Customer_433,Tablet,Electronics,N/A
2470,2026-02-08,Customer_459,,Electronics,6260
2471,2026-03-31,Customer_512,Mobile,Electronics,44838
2472,2026-01-26,Customer_390,Headphones,electronics,48111
2473,2026-03-15,Customer_412,Tablet,Electronics,13311
2474,2026-04-18,,Headphones,Electronics,21208
2475,2026-05-01,Customer_224,Mobile,Electronics,60899
2476,2026-04-08,,Smartwatch,Electronics,7437
2477,2026-03-12,Customer_532,Smartwatch,electronics,79695
2478,2026-02-25,Customer_44,Headphones,Electronics,498
2479,2026-04-09,Customer_778,Laptop,Electronics,41615
2480,2026-04-22,Customer_345,Camera,Electronics,89854
2481,2026-02-25,Customer_530,Laptop,Electronics,70211
2482,2026-02-09,Customer_387,Speaker,Electronics,53355
2483,2026-02-26,Customer_4,Speaker,Electronics,76501
2484,2026-02-04,Customer_727,Speaker,Electronics,91859
2485,2026-04-14,Customer_196,Smartwatch,Electronics,63394
2486,2026-04-22,Customer_379,Mobile,Electronics,32055
2487,2026-01-01,Customer_51,Mobile,Electronics,58247
2488,2026-01-29,Customer_388,Tablet,Electronics,68062
2489,2026-01-24,Customer_528,Tablet,Electronics,20996
2490,2026-04-15,Customer_76,Mobile,Electronics,67300rs
2491,2026-04-23,Customer_477,Speaker,Electronics,24200
2492,2026-02-21,Customer_540,Smartwatch,Electronics,71400
2493,2026-03-14,Customer_690,Laptop,Electronics,32068
2494,2026-01-18,Customer_203,Mobile,Electronics,78909
2495,2026-03-29,Customer_59,Mobile,Electronics,18428
2496,2026-03-18,Customer_419,Smartwatch,Electronics,60793
2497,2026-03-26,Customer_193,Camera,Electronics,43852
2498,2026-03-09,Customer_237,Camera,Electronics,83223
2499,2026-02-24,Customer_4,Laptop,Electronics,2897
2500,2026-03-27,Customer_320,Speaker,Electronics,72196
2501,2026-04-14,,Camera,Electronics,64319
2502,2026-01-08,Customer_739,Mobile,Electronics,57429
2503,2026-03-11,Customer_791,Tablet,Electronics,88912
2504,2026-04-28,Customer_735,,Electronics,85370
2505,2026-01-29,Customer_352,Tablet,Electronics,74107
2506,2026-02-09,Customer_597,Headphones,Electronics,62992
2507,2026-03-24,Customer_126,Mobile,Electronics,140
2508,2026-01-29,Customer_556,Speaker,Electronics,N/A
2509,2026-01-13,Customer_18,Camera,Electronics,76000
2510,2026-04-08,Customer_766,Smartwatch,Electronics,7846
2511,2026-04-04,Customer_219,Camera,electronics,43850
2512,2026-03-26,Customer_127,Tablet,Electronics,53067
2513,2026-03-29,Customer_28,Laptop,Electronics,37477
2514,2026-03-15,Customer_333,,Electronics,45156
2515,2026-01-04,Customer_134,Tablet,Electronics,N/A
2516,2026-04-13,Customer_442,Smartwatch,electronics,30445
2517,2026-01-18,Customer_764,Mobile,Electronics,12326
2518,2026-02-02,Customer_495,,Electronics,52029
2519,2026-03-21,Customer_466,Smartwatch,Electronics,14151
2520,2026-01-11,,Mobile,Electronics,32328
2521,2026-01-20,Customer_694,Headphones,Electronics,9688
2522,2026-01-14,Customer_48,,Electronics,3272
2523,2026-04-25,Customer_693,Smartwatch,Electronics,96017
2524,2026-03-26,Customer_127,Speaker,Electronics,98751
2525,2026-02-06,Customer_719,,Electronics,19316
2526,2026-01-19,Customer_582,Smartwatch,Electronics,65895
2527,2026-01-13,Customer_501,Smartwatch,Electronics,48805
2528,2026-01-29,Customer_707,Speaker,Electronics,52335
2529,2026-04-28,Customer_737,Headphones,Electronics,N/A
2530,2026-03-06,Customer_205,Camera,Electronics,20621
2531,2026-03-24,Customer_429,Tablet,Electronics,99177
2532,2026-04-11,,Headphones,Electronics,48363
2533,2026-03-23,Customer_446,Tablet,Electronics,73009
2534,2026-03-18,Customer_44,,Electronics,69267
2535,2026-02-20,Customer_693,Mobile,Electronics,53128
2536,2026-03-14,Customer_185,Headphones,Electronics,48754
2537,2026-03-05,Customer_93,Smartwatch,Electronics,83762rs
2538,2026-01-26,Customer_69,Camera,Electronics,78272
2539,2026-04-09,Customer_46,Smartwatch,Electronics,22017
2540,2026-03-03,Customer_386,Mobile,electronics,28219
2541,2026-01-05,,Speaker,Electronics,90879
2542,2026-03-28,Customer_500,Laptop,Electronics,N/A
2543,2026-02-15,Customer_709,Speaker,Electronics,65260
2544,2026-01-24,Customer_794,Headphones,Electronics,80144
2545,2026-04-07,Customer_368,Mobile,Electronics,84106
2546,2026-01-15,,Smartwatch,Electronics,14205rs
2547,2026-04-25,,,Electronics,99051
2548,2026-01-21,Customer_523,Tablet,Electronics,34222
2549,2026-03-05,Customer_384,Laptop,Electronics,45837
2550,2026-04-12,Customer_221,Mobile,Electronics,96266
2551,2026-02-17,Customer_497,Headphones,Electronics,39429
2552,2026-02-22,,Camera,Electronics,8807
2553,2026-02-04,,Laptop,Electronics,86092
2554,2026-01-05,Customer_515,Tablet,Electronics,1550
2555,2026-04-12,Customer_467,Tablet,electronics,5348
2556,2026-03-14,Customer_34,Laptop,Electronics,84851
2557,2026-04-23,Customer_248,Mobile,Electronics,94971
2558,2026-02-10,Customer_542,,Electronics,53666
2559,2026-03-01,Customer_11,Headphones,Electronics,61958
2560,2026-04-27,Customer_644,Headphones,Electronics,79102
2561,2026-01-11,Customer_779,Smartwatch,Electronics,77856
2562,2026-03-25,Customer_445,Tablet,Electronics,30655
2563,2026-03-18,Customer_385,Tablet,Electronics,26731
2564,2026-04-25,Customer_156,Headphones,Electronics,34835
2565,2026-03-11,Customer_650,Mobile,Electronics,99023
2566,2026-03-09,Customer_320,Tablet,Electronics,52520rs
2567,2026-01-06,Customer_105,Laptop,Electronics,46200
2568,2026-02-21,Customer_702,Tablet,Electronics,97513
2569,2026-03-11,Customer_28,Headphones,Electronics,35604
2570,2026-03-27,Customer_334,,Electronics,96352
2571,2026-04-09,Customer_132,,Electronics,72636
2572,2026-01-11,Customer_728,,Electronics,67438
2573,2026-02-07,Customer_220,Smartwatch,Electronics,90584
2574,2026-03-10,Customer_148,Laptop,Electronics,95147
2575,2026-02-14,Customer_41,Tablet,Electronics,95716
2576,2026-01-28,Customer_432,Tablet,Electronics,39421
2577,2026-02-05,Customer_344,Smartwatch,Electronics,76152
2578,2026-04-15,Customer_85,Camera,Electronics,31717
2579,2026-01-27,Customer_779,Camera,Electronics,19268
2580,2026-03-13,Customer_680,,Electronics,50075
2581,2026-01-27,Customer_403,Headphones,Electronics,94338
2582,2026-02-07,Customer_313,Headphones,Electronics,40311
2583,2026-02-18,Customer_487,Camera,Electronics,53903
2584,2026-01-02,Customer_505,Speaker,Electronics,38701
2585,2026-03-14,Customer_473,Headphones,Electronics,8300
2586,2026-04-09,Customer_29,Mobile,Electronics,99367
2587,2026-04-15,Customer_430,Camera,Electronics,87895
2588,2026-03-12,,,electronics,3322
2589,2026-01-10,Customer_498,Headphones,Electronics,78672
2590,2026-01-24,Customer_251,Headphones,electronics,38403
2591,2026-01-12,Customer_351,Speaker,Electronics,48434
2592,2026-03-30,Customer_257,,Electronics,27068
2593,2026-04-25,Customer_575,Headphones,Electronics,64346
2594,2026-02-08,Customer_383,Smartwatch,Electronics,7283
2595,2026-04-13,Customer_326,Laptop,Electronics,N/A
2596,2026-01-30,Customer_82,Mobile,Electronics,256
2597,2026-04-28,Customer_173,Laptop,Electronics,85805rs
2598,2026-02-24,Customer_428,Tablet,electronics,60953
2599,2026-02-17,Customer_374,Mobile,Electronics,31218
2600,2026-04-16,Customer_680,Headphones,Electronics,20507rs
2601,2026-03-07,Customer_694,Laptop,Electronics,93513
2602,2026-01-02,Customer_229,Mobile,Electronics,24098
2603,2026-02-02,Customer_614,Tablet,Electronics,N/A
2604,2026-01-25,Customer_671,Speaker,Electronics,32544
2605,2026-04-21,Customer_687,Speaker,Electronics,N/A
2606,2026-02-09,Customer_81,Headphones,Electronics,26033
2607,2026-04-14,Customer_232,Camera,Electronics,17505
2608,2026-04-12,Customer_208,Headphones,Electronics,30366
2609,2026-04-04,Customer_758,Speaker,Electronics,76806
2610,2026-04-24,Customer_96,,Electronics,1789
2611,2026-02-13,Customer_675,Headphones,Electronics,3536
2612,2026-01-13,Customer_794,Camera,Electronics,15976
2613,2026-04-19,Customer_355,Speaker,Electronics,22439
2614,2026-02-20,Customer_581,Camera,Electronics,83810
2615,2026-03-15,Customer_676,Laptop,Electronics,57999
2616,2026-01-11,Customer_513,Mobile,Electronics,61078
2617,2026-01-26,Customer_218,Camera,Electronics,1657
2618,2026-03-31,Customer_277,Mobile,Electronics,56163
2619,2026-03-29,Customer_522,Mobile,Electronics,38568
2620,2026-03-25,Customer_796,Smartwatch,Electronics,25510
2621,2026-01-12,Customer_306,Headphones,Electronics,80477
2622,2026-03-28,Customer_322,Camera,Electronics,10588
2623,2026-01-06,Customer_702,Smartwatch,Electronics,51034
2624,2026-03-30,Customer_191,Tablet,Electronics,56902
2625,2026-04-10,Customer_268,Speaker,Electronics,N/A
2626,2026-03-04,Customer_199,Laptop,Electronics,58819
2627,2026-01-01,,Speaker,Electronics,97414
2628,2026-01-14,Customer_24,Speaker,Electronics,49089
2629,2026-03-07,Customer_623,Speaker,Electronics,50498
2630,2026-02-03,Customer_585,Speaker,Electronics,58114
2631,2026-03-04,Customer_109,Speaker,Electronics,73941
2632,2026-01-22,Customer_211,Camera,Electronics,64061
2633,2026-04-09,Customer_588,Mobile,Electronics,85527
2634,2026-01-16,Customer_435,Smartwatch,Electronics,42734
2635,2026-01-08,Customer_282,Smartwatch,Electronics,59492
2636,2026-01-03,Customer_299,Headphones,Electronics,34358
2637,2026-02-28,Customer_18,Tablet,Electronics,86583rs
2638,2026-02-07,Customer_77,Tablet,Electronics,38601
2639,2026-04-07,Customer_586,Headphones,Electronics,54985
2640,2026-01-17,Customer_587,,Electronics,75228
2641,2026-02-25,Customer_341,Tablet,Electronics,86042
2642,2026-03-08,Customer_141,Camera,Electronics,74021rs
2643,2026-04-23,Customer_454,Camera,Electronics,59649
2644,2026-04-18,Customer_132,Smartwatch,Electronics,43383
2645,2026-01-23,Customer_629,Smartwatch,Electronics,59497
2646,2026-02-17,Customer_615,,Electronics,6032
2647,2026-03-24,Customer_415,Camera,Electronics,21211
2648,2026-04-14,Customer_699,Mobile,Electronics,46784
2649,2026-03-03,Customer_651,Mobile,Electronics,42228
2650,2026-02-26,Customer_720,Laptop,Electronics,47209
2651,2026-04-04,Customer_631,Smartwatch,Electronics,99467
2652,2026-04-18,Customer_527,Tablet,Electronics,18214rs
2653,2026-01-18,Customer_170,Tablet,Electronics,80752
2654,2026-02-21,Customer_447,Mobile,Electronics,69320
2655,2026-03-24,Customer_440,Smartwatch,Electronics,54437
2656,2026-04-01,Customer_321,Camera,Electronics,70273
2657,2026-02-11,Customer_792,Camera,Electronics,83517
2658,2026-03-16,Customer_439,Smartwatch,Electronics,83048
2659,2026-03-05,Customer_237,Speaker,Electronics,72556
2660,2026-02-12,Customer_744,Smartwatch,Electronics,37697
2661,2026-01-25,Customer_316,Camera,Electronics,32485
2662,2026-04-21,Customer_729,Headphones,Electronics,32139rs
2663,2026-03-17,Customer_672,Tablet,Electronics,29871
2664,2026-04-05,Customer_637,Smartwatch,Electronics,20150
2665,2026-02-17,Customer_490,Smartwatch,Electronics,19178
2666,2026-03-23,Customer_721,Headphones,Electronics,15578
2667,2026-02-18,Customer_699,Speaker,electronics,N/A
2668,2026-01-17,Customer_175,Smartwatch,electronics,N/A
2669,2026-04-15,Customer_291,,Electronics,36762
2670,2026-02-08,Customer_401,Smartwatch,Electronics,14037
2671,2026-02-03,Customer_315,Headphones,Electronics,77798
2672,2026-02-03,Customer_496,Tablet,Electronics,20814
2673,2026-01-28,Customer_151,Laptop,Electronics,N/A
2674,2026-04-19,Customer_416,Smartwatch,Electronics,15719
2675,2026-04-21,Customer_372,Headphones,Electronics,86812
2676,2026-01-31,Customer_629,Camera,Electronics,59908
2677,2026-01-26,,Mobile,Electronics,33437
2678,2026-04-18,Customer_772,Speaker,Electronics,67415
2679,2026-01-21,Customer_661,Smartwatch,Electronics,82926
2680,2026-04-17,Customer_89,Speaker,Electronics,12171
2681,2026-02-18,Customer_518,Laptop,Electronics,61040
2682,2026-04-26,Customer_382,Camera,Electronics,89686
2683,2026-02-21,Customer_721,Mobile,electronics,7870
2684,2026-02-13,Customer_194,Smartwatch,Electronics,24192
2685,2026-02-21,Customer_724,Speaker,Electronics,63339
2686,2026-02-22,Customer_292,Smartwatch,Electronics,23205
2687,2026-03-04,Customer_476,Camera,Electronics,18284
2688,2026-02-17,Customer_60,Laptop,electronics,5864
2689,2026-03-09,Customer_291,Headphones,Electronics,3323
2690,2026-02-14,Customer_556,Headphones,Electronics,68595
2691,2026-03-15,Customer_622,Mobile,Electronics,99159
2692,2026-02-04,,Speaker,Electronics,74652rs
2693,2026-01-11,Customer_348,Mobile,Electronics,89113
2694,2026-02-21,,Camera,electronics,46161
2695,2026-03-30,Customer_152,Smartwatch,Electronics,47978
2696,2026-03-03,Customer_562,Camera,Electronics,39692
2697,2026-04-09,Customer_137,Mobile,Electronics,45380
2698,2026-04-20,Customer_602,Laptop,Electronics,24504
2699,2026-03-28,Customer_640,Speaker,Electronics,2646
2700,2026-03-24,Customer_622,Mobile,Electronics,1780
2701,2026-01-07,,Smartwatch,Electronics,21538
2702,2026-03-15,Customer_542,Mobile,Electronics,86337
2703,2026-04-30,Customer_495,Laptop,Electronics,7410
2704,2026-03-18,Customer_351,Headphones,Electronics,34934
2705,2026-01-12,Customer_662,Laptop,Electronics,46629
2706,2026-01-10,Customer_758,Camera,Electronics,38294
2707,2026-03-27,Customer_240,Mobile,Electronics,20983
2708,2026-03-22,Customer_86,Tablet,Electronics,24945
2709,2026-03-08,Customer_730,Tablet,Electronics,21459
2710,2026-02-18,Customer_491,Speaker,Electronics,8019
2711,2026-01-16,Customer_199,Smartwatch,Electronics,49952
2712,2026-03-21,Customer_273,Tablet,Electronics,88053
2713,2026-01-04,Customer_359,Mobile,Electronics,15642
2714,2026-01-25,Customer_146,Headphones,Electronics,49362
2715,2026-02-20,Customer_395,Headphones,Electronics,86735
2716,2026-04-09,Customer_165,Smartwatch,Electronics,29524
2717,2026-02-18,Customer_583,Smartwatch,Electronics,5174
2718,2026-04-28,Customer_575,Tablet,Electronics,17965
2719,2026-03-30,Customer_654,Headphones,Electronics,23474
2720,2026-01-23,Customer_639,Mobile,Electronics,63129
2721,2026-01-21,,Smartwatch,Electronics,6539
2722,2026-03-05,Customer_660,Headphones,Electronics,72231
2723,2026-04-19,Customer_307,Laptop,Electronics,N/A
2724,2026-01-01,Customer_636,Tablet,Electronics,N/A
2725,2026-01-25,Customer_286,Tablet,Electronics,95717
2726,2026-03-16,Customer_160,Smartwatch,Electronics,74629
2727,2026-04-20,Customer_222,,Electronics,13373
2728,2026-03-05,Customer_634,Speaker,Electronics,85246
2729,2026-03-31,Customer_678,Headphones,Electronics,40792
2730,2026-02-15,Customer_759,Camera,Electronics,77217
2731,2026-01-17,Customer_460,Headphones,Electronics,24341
2732,2026-04-21,Customer_299,Camera,Electronics,7720
2733,2026-04-26,Customer_62,Camera,Electronics,44913
2734,2026-01-06,Customer_688,Camera,Electronics,70310
2735,2026-02-24,Customer_207,Speaker,Electronics,69252
2736,2026-03-11,Customer_32,Tablet,Electronics,65297
2737,2026-01-24,Customer_299,Speaker,Electronics,61759
2738,2026-02-21,Customer_423,Mobile,Electronics,16039
2739,2026-01-23,Customer_23,Speaker,Electronics,80691
2740,2026-01-08,Customer_575,Smartwatch,Electronics,40133
2741,2026-03-24,Customer_423,Mobile,Electronics,94395
2742,2026-04-17,Customer_286,Speaker,Electronics,N/A
2743,2026-04-28,Customer_514,Tablet,Electronics,83726
2744,2026-01-10,Customer_496,Tablet,Electronics,8361
2745,2026-02-09,Customer_206,Laptop,Electronics,50529
2746,2026-04-02,,Speaker,Electronics,9317rs
2747,2026-03-26,Customer_572,Smartwatch,electronics,72428rs
2748,2026-02-22,Customer_480,,Electronics,77062
2749,2026-04-22,Customer_101,,Electronics,58790
2750,2026-02-08,Customer_625,Smartwatch,Electronics,2915
2751,2026-05-01,Customer_113,Tablet,Electronics,50806
2752,2026-04-18,Customer_89,Camera,electronics,70897
2753,2026-03-23,Customer_340,Smartwatch,Electronics,65419
2754,2026-01-04,Customer_781,Mobile,Electronics,14931
2755,2026-03-27,Customer_687,Camera,Electronics,46792
2756,2026-03-24,Customer_374,Camera,Electronics,65548
2757,2026-04-18,Customer_97,Headphones,Electronics,N/A
2758,2026-03-27,,Mobile,Electronics,19827
2759,2026-01-12,Customer_215,Headphones,Electronics,32125
2760,2026-01-20,Customer_56,Headphones,Electronics,62746rs
2761,2026-03-15,Customer_643,Headphones,Electronics,62079
2762,2026-02-04,Customer_722,Mobile,Electronics,76506
2763,2026-02-08,Customer_544,Camera,Electronics,6742
2764,2026-05-01,,Tablet,Electronics,34897
2765,2026-01-17,Customer_416,Mobile,Electronics,41815
2766,2026-03-02,Customer_386,Mobile,Electronics,74508
2767,2026-01-28,Customer_40,Camera,Electronics,80172
2768,2026-02-09,Customer_163,Headphones,Electronics,53970
2769,2026-04-10,Customer_399,Headphones,Electronics,57339
2770,2026-03-09,Customer_52,Mobile,Electronics,N/A
2771,2026-01-24,Customer_168,Headphones,Electronics,28337
2772,2026-03-25,Customer_44,Smartwatch,electronics,12918
2773,2026-03-15,Customer_455,Mobile,Electronics,80263
2774,2026-02-21,Customer_519,Mobile,Electronics,78265
2775,2026-04-21,Customer_488,Camera,Electronics,86420
2776,2026-04-22,Customer_584,Headphones,Electronics,19799
2777,2026-03-19,Customer_9,Tablet,Electronics,52792
2778,2026-02-11,Customer_726,Speaker,Electronics,1442
2779,2026-03-09,Customer_169,Mobile,Electronics,15190
2780,2026-04-25,Customer_194,Smartwatch,Electronics,250
2781,2026-03-25,Customer_3,Smartwatch,Electronics,72427
2782,2026-02-14,Customer_205,Mobile,Electronics,39823
2783,2026-03-12,Customer_586,Camera,Electronics,80761
2784,2026-02-28,Customer_175,Tablet,Electronics,69951
2785,2026-03-27,Customer_721,Laptop,Electronics,43125
2786,2026-01-22,Customer_34,Tablet,Electronics,92060
2787,2026-01-17,Customer_294,Laptop,Electronics,16536
2788,2026-01-01,Customer_247,Speaker,Electronics,N/A
2789,2026-01-09,Customer_430,Camera,Electronics,92184rs
2790,2026-02-14,Customer_424,Mobile,Electronics,31244
2791,2026-02-13,Customer_519,Speaker,Electronics,52041
2792,2026-03-16,Customer_343,Mobile,Electronics,6819
2793,2026-03-26,Customer_609,,Electronics,67148
2794,2026-01-23,Customer_209,Smartwatch,Electronics,71394
2795,2026-01-19,Customer_272,Smartwatch,Electronics,91459
2796,2026-03-02,Customer_182,Headphones,Electronics,79933
2797,2026-04-28,Customer_538,Laptop,Electronics,67524
2798,2026-04-23,Customer_299,Headphones,Electronics,70256
2799,2026-04-29,Customer_315,,Electronics,77593
2800,2026-03-26,Customer_655,Smartwatch,Electronics,15726
2801,2026-03-28,Customer_374,Tablet,Electronics,69080
2802,2026-01-11,Customer_576,Speaker,Electronics,69489
2803,2026-01-04,,Mobile,Electronics,60881rs
2804,2026-04-10,,Tablet,Electronics,55519
2805,2026-01-11,Customer_83,Laptop,Electronics,35788
2806,2026-02-18,Customer_520,Headphones,Electronics,6503rs
2807,2026-02-06,Customer_71,Mobile,Electronics,39877
2808,2026-02-14,Customer_167,Laptop,Electronics,10550rs
2809,2026-03-28,Customer_17,Tablet,Electronics,41338
2810,2026-01-20,Customer_602,Smartwatch,Electronics,24661
2811,2026-03-19,Customer_172,Mobile,Electronics,39009
2812,2026-01-19,Customer_103,Camera,Electronics,68500
2813,2026-02-28,Customer_748,Laptop,Electronics,2487
2814,2026-04-12,Customer_496,Tablet,Electronics,9924
2815,2026-01-28,Customer_332,Headphones,Electronics,83435
2816,2026-02-23,Customer_559,Laptop,Electronics,92528
2817,2026-02-14,Customer_657,Speaker,Electronics,56725
2818,2026-02-02,Customer_336,Speaker,Electronics,51244
2819,2026-03-17,,Tablet,Electronics,74349
2820,2026-02-26,Customer_175,Mobile,Electronics,68389rs
2821,2026-04-12,Customer_668,Mobile,Electronics,66100
2822,2026-02-14,Customer_721,Camera,electronics,35753
2823,2026-03-25,Customer_423,Headphones,Electronics,93102
2824,2026-02-04,Customer_574,Mobile,Electronics,16150
2825,2026-03-29,Customer_261,Camera,Electronics,27307
2826,2026-01-07,Customer_715,Smartwatch,Electronics,84128
2827,2026-04-17,Customer_582,Camera,Electronics,91590
2828,2026-04-23,Customer_480,Laptop,Electronics,42906
2829,2026-04-14,Customer_783,Speaker,Electronics,46111
2830,2026-01-14,Customer_465,Camera,Electronics,76585
2831,2026-01-25,Customer_99,Camera,Electronics,64143
2832,2026-01-09,Customer_742,Mobile,Electronics,35538
2833,2026-01-16,Customer_156,Headphones,Electronics,18565
2834,2026-02-14,,Camera,Electronics,69034
2835,2026-02-02,Customer_350,Laptop,Electronics,75478
2836,2026-02-07,Customer_542,Headphones,Electronics,4258
2837,2026-04-01,Customer_305,Smartwatch,Electronics,93873
2838,2026-01-15,Customer_426,Mobile,Electronics,96841
2839,2026-01-16,,Speaker,Electronics,41450
2840,2026-01-05,Customer_414,Smartwatch,Electronics,2603
2841,2026-01-16,Customer_546,Laptop,Electronics,15872
2842,2026-01-20,Customer_696,Headphones,Electronics,26537
2843,2026-02-12,Customer_357,Camera,Electronics,24688
2844,2026-01-09,Customer_379,Laptop,Electronics,99945
2845,2026-04-12,Customer_656,Headphones,Electronics,94325
2846,2026-04-12,,Headphones,Electronics,N/A
2847,2026-04-11,Customer_385,Camera,Electronics,10019
2848,2026-04-18,Customer_376,Mobile,Electronics,99075
2849,2026-03-14,Customer_316,Speaker,Electronics,14231
2850,2026-02-02,Customer_554,Tablet,Electronics,63758
2851,2026-04-26,Customer_320,,Electronics,78614
2852,2026-01-13,,Camera,Electronics,62700
2853,2026-04-21,Customer_102,Tablet,Electronics,83016
2854,2026-04-11,Customer_784,Speaker,Electronics,N/A
2855,2026-01-22,Customer_147,Laptop,Electronics,62553
2856,2026-01-12,Customer_63,Tablet,Electronics,32641
2857,2026-01-01,Customer_579,Smartwatch,Electronics,72443
2858,2026-01-05,Customer_244,Headphones,Electronics,82564
2859,2026-04-29,Customer_209,Laptop,Electronics,65738
2860,2026-04-15,Customer_270,Headphones,Electronics,31152
2861,2026-02-19,Customer_421,Speaker,Electronics,53069
2862,2026-04-09,,Smartwatch,Electronics,59773
2863,2026-01-16,Customer_471,Mobile,electronics,96359
2864,2026-04-19,Customer_642,Laptop,Electronics,62027
2865,2026-03-17,Customer_662,Tablet,Electronics,56207
2866,2026-03-15,Customer_79,Laptop,Electronics,60176
2867,2026-02-13,Customer_684,Camera,Electronics,54594
2868,2026-02-02,Customer_428,Speaker,Electronics,78421
2869,2026-01-21,Customer_516,Headphones,Electronics,92567
2870,2026-01-11,Customer_273,Laptop,Electronics,99921
2871,2026-01-27,Customer_644,Laptop,Electronics,23534
2872,2026-01-24,Customer_580,Smartwatch,Electronics,73536
2873,2026-04-18,,Mobile,Electronics,69512
2874,2026-03-27,Customer_536,Camera,Electronics,54147
2875,2026-03-27,Customer_391,Laptop,Electronics,88481
2876,2026-03-13,,Smartwatch,Electronics,23789
2877,2026-03-10,Customer_747,Camera,Electronics,19508
2878,2026-03-01,Customer_457,Headphones,Electronics,964
2879,2026-03-06,Customer_100,Camera,Electronics,98287
2880,2026-02-04,Customer_159,Laptop,Electronics,43658rs
2881,2026-03-31,,Headphones,Electronics,4691
2882,2026-02-02,Customer_245,Camera,Electronics,33258
2883,2026-01-13,Customer_340,Laptop,Electronics,90005
2884,2026-03-06,Customer_5,Speaker,Electronics,78848
2885,2026-03-16,Customer_662,Smartwatch,Electronics,76321
2886,2026-03-30,Customer_791,Mobile,Electronics,33805
2887,2026-03-24,Customer_79,Tablet,Electronics,83914
2888,2026-03-20,Customer_477,Tablet,Electronics,96652
2889,2026-02-13,Customer_527,Laptop,Electronics,N/A
2890,2026-01-20,Customer_374,Laptop,Electronics,19918
2891,2026-04-23,Customer_627,Camera,Electronics,46960
2892,2026-04-27,Customer_242,Camera,Electronics,78266
2893,2026-02-10,Customer_535,Laptop,Electronics,54339
2894,2026-01-17,Customer_517,Speaker,Electronics,33647
2895,2026-03-21,Customer_612,Laptop,Electronics,44009
2896,2026-04-05,Customer_693,Laptop,electronics,10194
2897,2026-04-03,Customer_400,Laptop,Electronics,778
2898,2026-03-09,Customer_282,Laptop,Electronics,43206
2899,2026-01-10,Customer_211,Mobile,Electronics,30991
2900,2026-03-14,Customer_62,Smartwatch,Electronics,39961
2901,2026-01-13,Customer_773,Mobile,Electronics,74746
2902,2026-02-25,Customer_509,Laptop,Electronics,64951
2903,2026-04-18,Customer_416,Mobile,electronics,855
2904,2026-01-08,Customer_497,Headphones,Electronics,17312
2905,2026-03-14,Customer_3,Speaker,Electronics,50281
2906,2026-03-02,Customer_424,Tablet,Electronics,16012
2907,2026-01-28,Customer_734,Smartwatch,Electronics,77117
2908,2026-04-03,Customer_625,Camera,Electronics,29223
2909,2026-02-25,Customer_201,Laptop,Electronics,80688
2910,2026-04-21,Customer_339,Mobile,Electronics,18223
2911,2026-04-12,Customer_14,Camera,Electronics,93157
2912,2026-01-08,Customer_650,Laptop,Electronics,54685
2913,2026-01-24,Customer_252,Tablet,electronics,86638
2914,2026-04-21,Customer_404,Camera,Electronics,48094
2915,2026-03-11,Customer_784,Smartwatch,Electronics,53602
2916,2026-03-07,Customer_479,Camera,Electronics,51506
2917,2026-03-01,Customer_167,Mobile,Electronics,N/A
2918,2026-03-12,Customer_466,Headphones,electronics,2479
2919,2026-02-28,Customer_520,Smartwatch,Electronics,57051
2920,2026-02-21,Customer_507,Laptop,Electronics,94521
2921,2026-01-04,Customer_336,Laptop,Electronics,31051rs
2922,2026-01-06,Customer_530,Speaker,Electronics,28623
2923,2026-02-09,Customer_34,Laptop,Electronics,81729rs
2924,2026-01-20,Customer_26,Speaker,Electronics,95464
2925,2026-04-23,Customer_646,Camera,Electronics,80755
2926,2026-01-20,Customer_313,Speaker,Electronics,38705
2927,2026-02-20,Customer_170,Laptop,Electronics,89688
2928,2026-02-23,Customer_20,Headphones,Electronics,14673
2929,2026-04-11,Customer_224,Speaker,Electronics,67963
2930,2026-03-13,Customer_487,Mobile,Electronics,77414
2931,2026-01-27,Customer_377,Mobile,Electronics,69069
2932,2026-01-07,Customer_630,,Electronics,31392
2933,2026-01-18,Customer_767,Tablet,Electronics,N/A
2934,2026-04-20,Customer_196,Speaker,Electronics,50335
2935,2026-04-13,Customer_761,Smartwatch,Electronics,50796
2936,2026-01-21,Customer_693,Speaker,Electronics,60741
2937,2026-01-04,Customer_532,Smartwatch,Electronics,5474
2938,2026-04-09,Customer_99,Smartwatch,Electronics,6587
2939,2026-01-21,Customer_114,Tablet,Electronics,32089
2940,2026-04-03,Customer_352,Laptop,Electronics,89622
2941,2026-03-08,Customer_50,,Electronics,98325
2942,2026-04-27,Customer_552,Smartwatch,Electronics,30005
2943,2026-03-30,Customer_775,Mobile,Electronics,36687
2944,2026-05-01,Customer_633,Speaker,Electronics,49621
2945,2026-03-05,Customer_152,Smartwatch,Electronics,5829
2946,2026-02-18,Customer_774,Laptop,Electronics,30644
2947,2026-02-25,Customer_68,Laptop,Electronics,91223rs
2948,2026-01-23,Customer_267,Camera,Electronics,52527
2949,2026-04-18,Customer_444,Headphones,Electronics,76486
2950,2026-01-19,Customer_505,Smartwatch,Electronics,65266
2951,2026-02-26,Customer_589,Headphones,Electronics,5460
2952,2026-03-27,Customer_599,Headphones,Electronics,63385
2953,2026-04-06,Customer_313,Camera,Electronics,66860rs
2954,2026-02-14,Customer_512,Tablet,Electronics,95908
2955,2026-02-02,Customer_314,Tablet,Electronics,1761
2956,2026-04-10,Customer_787,Speaker,Electronics,57277
2957,2026-01-24,Customer_273,Camera,Electronics,29473
2958,2026-03-24,Customer_273,Headphones,Electronics,64195
2959,2026-01-01,Customer_87,,Electronics,69087
2960,2026-03-13,Customer_78,Camera,Electronics,487rs
2961,2026-01-26,Customer_737,Mobile,Electronics,11421
2962,2026-03-28,Customer_578,Mobile,Electronics,72251
2963,2026-01-27,Customer_25,Laptop,Electronics,29563
2964,2026-04-18,Customer_282,Mobile,Electronics,15183
2965,2026-01-21,Customer_136,Smartwatch,Electronics,78496
2966,2026-03-29,,Camera,Electronics,52777
2967,2026-03-20,Customer_80,,Electronics,N/A
2968,2026-04-21,Customer_589,Tablet,Electronics,73830
2969,2026-04-12,Customer_360,Tablet,Electronics,61924
2970,2026-02-02,Customer_93,Laptop,Electronics,23498
2971,2026-02-22,Customer_758,Laptop,Electronics,66646
2972,2026-04-03,Customer_296,Mobile,Electronics,66598
2973,2026-02-13,Customer_58,Smartwatch,Electronics,74064
2974,2026-04-15,Customer_116,Headphones,Electronics,39815
2975,2026-03-20,Customer_557,Camera,Electronics,N/A
2976,2026-02-26,Customer_280,Laptop,Electronics,70249
2977,2026-01-20,Customer_423,Mobile,Electronics,85699
2978,2026-02-21,Customer_360,Smartwatch,Electronics,28513
2979,2026-02-16,Customer_594,Tablet,Electronics,66575
2980,2026-01-04,Customer_171,Headphones,Electronics,37414
2981,2026-02-09,Customer_660,Headphones,Electronics,95217
2982,2026-02-24,Customer_413,Camera,Electronics,18840
2983,2026-01-29,Customer_733,,Electronics,67291
2984,2026-01-02,Customer_667,Headphones,Electronics,51319
2985,2026-04-12,Customer_207,Laptop,Electronics,8911
2986,2026-01-16,Customer_214,Smartwatch,Electronics,73989
2987,2026-01-31,Customer_625,Headphones,Electronics,N/A
2988,2026-03-31,Customer_34,Laptop,Electronics,27030
2989,2026-03-14,Customer_539,Laptop,Electronics,40620rs
2990,2026-01-23,Customer_166,Headphones,Electronics,12745
2991,2026-04-19,Customer_104,Mobile,Electronics,9706
2992,2026-02-18,Customer_790,Tablet,Electronics,46703
2993,2026-01-12,Customer_406,Mobile,Electronics,63356
2994,2026-04-25,Customer_760,Smartwatch,Electronics,83307
2995,2026-01-25,Customer_160,Camera,Electronics,N/A
2996,2026-01-23,Customer_774,Camera,Electronics,73223
2997,2026-03-28,Customer_446,Camera,Electronics,30652
2998,2026-02-12,Customer_575,Headphones,Electronics,68224
2999,2026-04-26,Customer_521,Headphones,Electronics,7927
3000,2026-01-18,Customer_711,Tablet,Electronics,20223
3001,2026-03-12,Customer_345,Mobile,Electronics,65381
3002,2026-02-06,Customer_418,Speaker,Electronics,7270
3003,2026-01-29,Customer_217,Headphones,Electronics,50306
3004,2026-01-07,Customer_679,Tablet,electronics,35738
3005,2026-04-08,Customer_278,Smartwatch,Electronics,26311
3006,2026-02-26,Customer_662,Laptop,Electronics,13846
3007,2026-02-11,Customer_666,Headphones,Electronics,96951
3008,2026-03-12,Customer_242,,Electronics,9952
3009,2026-01-08,Customer_103,Speaker,Electronics,94048
3010,2026-02-27,Customer_238,Laptop,Electronics,58945
3011,2026-04-21,Customer_677,Headphones,Electronics,43010
3012,2026-04-19,Customer_83,Tablet,Electronics,N/A
3013,2026-01-14,Customer_504,Headphones,Electronics,77683
3014,2026-03-22,Customer_365,,Electronics,61256
3015,2026-01-28,Customer_319,Headphones,Electronics,65523
3016,2026-01-30,Customer_547,Tablet,Electronics,N/A
3017,2026-01-13,Customer_338,Smartwatch,Electronics,52954
3018,2026-03-20,Customer_310,Smartwatch,Electronics,94920
3019,2026-02-01,Customer_782,Laptop,Electronics,95687
3020,2026-02-25,Customer_685,Smartwatch,Electronics,75203
3021,2026-01-11,Customer_384,Smartwatch,Electronics,89507
3022,2026-02-14,Customer_723,Tablet,Electronics,68131
3023,2026-04-27,Customer_316,,electronics,54220
3024,2026-01-24,Customer_320,Laptop,Electronics,13354
3025,2026-01-15,Customer_791,Tablet,Electronics,62836
3026,2026-04-26,Customer_465,Camera,Electronics,87408
3027,2026-03-19,Customer_665,Smartwatch,Electronics,22465
3028,2026-03-02,Customer_192,Speaker,Electronics,12594
3029,2026-03-20,Customer_61,Headphones,Electronics,56052
3030,2026-04-16,Customer_295,Smartwatch,Electronics,64757
3031,2026-01-08,Customer_447,Speaker,Electronics,56552
3032,2026-01-01,Customer_486,Camera,Electronics,563
3033,2026-03-03,Customer_361,Mobile,Electronics,97575
3034,2026-03-11,Customer_643,Mobile,Electronics,33664
3035,2026-04-06,Customer_421,Laptop,Electronics,75339
3036,2026-01-09,Customer_201,Speaker,Electronics,72032
3037,2026-02-27,Customer_550,Mobile,Electronics,4722
3038,2026-02-18,Customer_92,Camera,Electronics,42578
3039,2026-01-08,Customer_281,Tablet,Electronics,86056
3040,2026-01-24,Customer_70,Tablet,Electronics,36220
3041,2026-03-29,Customer_618,Tablet,Electronics,N/Ars
3042,2026-05-01,Customer_18,Speaker,Electronics,75036
3043,2026-03-03,Customer_317,Laptop,electronics,63444
3044,2026-01-21,Customer_464,Mobile,Electronics,87897
3045,2026-03-21,Customer_401,Mobile,Electronics,12757
3046,2026-04-09,Customer_359,,Electronics,63917rs
3047,2026-01-26,Customer_291,Camera,Electronics,42412
3048,2026-04-20,Customer_67,Speaker,Electronics,58139
3049,2026-04-24,Customer_162,Speaker,Electronics,24127
3050,2026-01-31,Customer_226,Laptop,Electronics,10694
3051,2026-03-17,Customer_736,,Electronics,79618
3052,2026-04-06,Customer_520,Mobile,Electronics,19832
3053,2026-01-18,Customer_568,Headphones,Electronics,36151
3054,2026-02-18,Customer_527,Camera,Electronics,42186
3055,2026-04-09,Customer_85,Mobile,Electronics,69524rs
3056,2026-02-02,Customer_284,Tablet,electronics,10136
3057,2026-04-22,Customer_313,,Electronics,67319
3058,2026-03-13,Customer_675,Smartwatch,Electronics,55943
3059,2026-04-08,Customer_443,Speaker,Electronics,2132
3060,2026-04-29,Customer_760,Smartwatch,Electronics,52707
3061,2026-04-30,Customer_784,Smartwatch,Electronics,98122
3062,2026-04-04,Customer_511,Tablet,Electronics,32826
3063,2026-03-12,Customer_430,Laptop,Electronics,27245
3064,2026-02-26,Customer_207,Mobile,Electronics,9733
3065,2026-04-09,Customer_277,,Electronics,67362
3066,2026-02-27,Customer_102,Mobile,Electronics,95898
3067,2026-04-10,Customer_800,Speaker,Electronics,74753
3068,2026-02-07,Customer_494,,Electronics,53659
3069,2026-03-20,,Laptop,Electronics,31484
3070,2026-03-29,Customer_156,Headphones,Electronics,15868
3071,2026-02-04,Customer_120,Headphones,Electronics,N/A
3072,2026-04-05,Customer_675,Smartwatch,Electronics,58730
3073,2026-04-09,Customer_204,Headphones,Electronics,96062
3074,2026-03-31,Customer_611,Headphones,Electronics,52227
3075,2026-01-25,Customer_673,Laptop,Electronics,38430
3076,2026-04-29,Customer_358,Smartwatch,electronics,58659
3077,2026-02-11,Customer_374,Smartwatch,Electronics,52549
3078,2026-04-12,Customer_713,Camera,Electronics,57471
3079,2026-01-29,,Speaker,Electronics,3679
3080,2026-01-26,Customer_372,Smartwatch,Electronics,55221
3081,2026-04-24,Customer_742,Mobile,Electronics,89866rs
3082,2026-04-30,,,Electronics,19895
3083,2026-01-18,Customer_759,Laptop,Electronics,34828rs
3084,2026-01-13,Customer_259,Camera,Electronics,19373
3085,2026-01-26,Customer_250,Smartwatch,Electronics,25460rs
3086,2026-02-09,Customer_486,Mobile,Electronics,N/A
3087,2026-04-25,Customer_164,Smartwatch,Electronics,69055
3088,2026-01-04,Customer_652,Headphones,Electronics,46675
3089,2026-03-28,Customer_104,,Electronics,65403
3090,2026-04-11,Customer_128,Headphones,Electronics,92181
3091,2026-02-08,Customer_636,Mobile,Electronics,27204
3092,2026-03-08,Customer_138,Headphones,Electronics,61197
3093,2026-04-19,Customer_677,Tablet,Electronics,23090
3094,2026-02-01,Customer_707,Speaker,Electronics,89461
3095,2026-03-24,Customer_313,Tablet,Electronics,89685
3096,2026-04-21,Customer_44,Headphones,Electronics,57122
3097,2026-02-20,Customer_541,Laptop,Electronics,N/A
3098,2026-03-06,Customer_476,Camera,electronics,15231
3099,2026-04-28,Customer_304,Laptop,Electronics,97452
3100,2026-01-29,Customer_615,Tablet,Electronics,66315
3101,2026-03-15,Customer_586,Speaker,Electronics,46632
3102,2026-04-28,Customer_459,Speaker,Electronics,24432
3103,2026-04-13,Customer_680,Smartwatch,Electronics,37486
3104,2026-01-31,Customer_362,Speaker,electronics,5622
3105,2026-01-24,Customer_791,Mobile,Electronics,1304
3106,2026-03-08,Customer_776,Speaker,Electronics,92135
3107,2026-02-19,Customer_737,Smartwatch,Electronics,17143rs
3108,2026-02-24,Customer_507,Tablet,electronics,97317
3109,2026-01-15,Customer_108,,Electronics,82472
3110,2026-04-20,Customer_611,Laptop,Electronics,81161
3111,2026-01-24,Customer_422,Laptop,Electronics,30058
3112,2026-03-04,Customer_521,Headphones,Electronics,98805
3113,2026-03-17,Customer_197,Laptop,Electronics,42350
3114,2026-01-18,Customer_418,Tablet,Electronics,N/A
3115,2026-01-27,Customer_353,Speaker,Electronics,53703
3116,2026-01-17,Customer_250,Tablet,electronics,94715
3117,2026-04-28,Customer_496,Mobile,Electronics,N/A
3118,2026-04-18,Customer_268,Camera,Electronics,1064
3119,2026-04-21,Customer_249,Mobile,Electronics,66332
3120,2026-02-08,Customer_325,Camera,Electronics,94063
3121,2026-03-31,Customer_151,Smartwatch,Electronics,93963
3122,2026-04-15,Customer_696,Tablet,Electronics,60193
3123,2026-04-14,Customer_549,,Electronics,8466
3124,2026-02-04,Customer_306,Laptop,Electronics,31833
3125,2026-01-19,Customer_23,Smartwatch,Electronics,13006
3126,2026-03-21,Customer_6,Smartwatch,Electronics,11742
3127,2026-01-19,Customer_500,Headphones,Electronics,68608rs
3128,2026-02-24,,Mobile,Electronics,N/A
3129,2026-02-22,Customer_754,Tablet,Electronics,49683
3130,2026-03-03,Customer_487,Smartwatch,electronics,99268
3131,2026-03-14,Customer_44,Tablet,Electronics,54269
3132,2026-04-20,Customer_455,Laptop,Electronics,5499
3133,2026-03-08,Customer_386,Smartwatch,Electronics,53938
3134,2026-03-16,Customer_335,Camera,Electronics,72390
3135,2026-02-05,Customer_383,Tablet,Electronics,27286
3136,2026-04-18,Customer_782,Tablet,Electronics,90867
3137,2026-02-24,Customer_220,Tablet,Electronics,28423
3138,2026-01-12,Customer_11,Mobile,Electronics,64854
3139,2026-02-27,Customer_20,Speaker,Electronics,88709
3140,2026-01-22,Customer_353,Mobile,Electronics,13063
3141,2026-03-05,Customer_625,Laptop,Electronics,7869
3142,2026-01-06,Customer_137,Laptop,Electronics,48124
3143,2026-02-02,Customer_393,Mobile,Electronics,27705
3144,2026-03-24,Customer_191,Laptop,Electronics,7324
3145,2026-03-11,Customer_714,Camera,Electronics,96343
3146,2026-02-04,Customer_673,Laptop,Electronics,69663
3147,2026-02-03,Customer_295,Headphones,Electronics,79574
3148,2026-02-09,Customer_88,Mobile,Electronics,58236rs
3149,2026-04-11,Customer_102,Laptop,Electronics,48279
3150,2026-02-03,Customer_572,Tablet,Electronics,84915
3151,2026-04-12,Customer_507,Tablet,Electronics,91313
3152,2026-04-01,Customer_425,Laptop,Electronics,90728
3153,2026-01-04,Customer_205,Tablet,Electronics,73574
3154,2026-01-19,Customer_444,Smartwatch,Electronics,99359
3155,2026-04-02,Customer_474,Laptop,Electronics,10123
3156,2026-04-19,Customer_675,,Electronics,50784
3157,2026-03-01,Customer_548,,Electronics,58091
3158,2026-03-01,Customer_525,Smartwatch,Electronics,N/A
3159,2026-02-05,Customer_473,Mobile,Electronics,23945
3160,2026-03-20,Customer_523,,Electronics,82905
3161,2026-04-12,Customer_263,Camera,electronics,65958
3162,2026-04-13,Customer_59,Headphones,Electronics,29730
3163,2026-01-06,Customer_83,Speaker,Electronics,146
3164,2026-02-19,Customer_270,Laptop,Electronics,N/A
3165,2026-04-11,Customer_642,Laptop,Electronics,57864
3166,2026-03-14,Customer_359,Headphones,Electronics,N/A
3167,2026-04-22,Customer_583,,Electronics,25678
3168,2026-04-20,Customer_206,Headphones,Electronics,39364
3169,2026-02-28,Customer_546,Headphones,Electronics,3156
3170,2026-03-19,Customer_316,Tablet,electronics,66438
3171,2026-03-28,Customer_253,Mobile,Electronics,82498
3172,2026-01-26,Customer_273,Tablet,Electronics,73364
3173,2026-01-10,Customer_161,Speaker,Electronics,28629
3174,2026-02-06,Customer_624,Mobile,Electronics,31358
3175,2026-01-29,Customer_391,Tablet,Electronics,83602
3176,2026-02-27,Customer_107,Headphones,electronics,39756
3177,2026-04-18,Customer_487,,Electronics,54291
3178,2026-04-10,Customer_133,Tablet,Electronics,71734
3179,2026-02-10,Customer_541,Speaker,Electronics,41127
3180,2026-01-19,Customer_463,Smartwatch,Electronics,87952
3181,2026-03-12,Customer_690,,Electronics,52254
3182,2026-01-17,Customer_673,Speaker,Electronics,84479
3183,2026-02-26,Customer_764,Mobile,Electronics,56560
3184,2026-03-11,Customer_189,Mobile,Electronics,55546
3185,2026-04-28,Customer_388,Laptop,Electronics,83911
3186,2026-03-10,Customer_24,Tablet,Electronics,43231
3187,2026-02-22,Customer_578,Speaker,Electronics,89285
3188,2026-02-27,Customer_311,Camera,Electronics,42048
3189,2026-01-02,,,Electronics,36075
3190,2026-03-07,Customer_661,Laptop,Electronics,59801
3191,2026-04-10,Customer_497,Mobile,Electronics,28325
3192,2026-01-22,Customer_53,Smartwatch,Electronics,11641
3193,2026-02-08,Customer_479,Laptop,Electronics,54799
3194,2026-02-26,Customer_750,Mobile,Electronics,8404
3195,2026-04-08,Customer_29,Tablet,Electronics,15573
3196,2026-02-23,Customer_454,Tablet,Electronics,52465
3197,2026-01-23,Customer_303,Camera,Electronics,65356
3198,2026-04-25,Customer_374,Speaker,Electronics,11167
3199,2026-02-28,Customer_327,Tablet,Electronics,8196
3200,2026-02-11,Customer_559,Speaker,Electronics,55994rs
3201,2026-03-07,Customer_321,Laptop,Electronics,60691
3202,2026-03-19,Customer_285,Headphones,electronics,N/A
3203,2026-04-16,,,Electronics,N/A
3204,2026-03-24,Customer_774,Smartwatch,Electronics,26811
3205,2026-01-16,Customer_15,Headphones,Electronics,8235
3206,2026-02-10,Customer_334,Smartwatch,Electronics,52834
3207,2026-03-27,Customer_42,Smartwatch,Electronics,4196
3208,2026-02-23,Customer_226,Smartwatch,Electronics,2708
3209,2026-04-22,Customer_388,Tablet,Electronics,92453
3210,2026-01-14,Customer_619,Headphones,Electronics,98161
3211,2026-01-01,Customer_522,Headphones,Electronics,54927
3212,2026-02-26,Customer_482,Speaker,Electronics,27696
3213,2026-02-02,Customer_407,Speaker,Electronics,723
3214,2026-04-13,Customer_207,Tablet,Electronics,57621
3215,2026-02-17,Customer_279,Camera,Electronics,16497rs
3216,2026-04-24,Customer_682,Headphones,Electronics,84124
3217,2026-04-12,Customer_721,Headphones,Electronics,22981
3218,2026-04-05,Customer_267,Speaker,Electronics,20605
3219,2026-04-29,Customer_59,Smartwatch,Electronics,64980
3220,2026-02-23,Customer_120,Mobile,Electronics,6445
3221,2026-03-16,Customer_768,Smartwatch,electronics,11997
3222,2026-02-28,Customer_302,Mobile,Electronics,19315
3223,2026-03-13,Customer_452,Mobile,Electronics,37701rs
3224,2026-04-09,Customer_116,Mobile,Electronics,15420
3225,2026-03-22,Customer_124,Camera,Electronics,75464
3226,2026-01-04,Customer_474,Speaker,Electronics,95153
3227,2026-02-10,Customer_402,,Electronics,14445
3228,2026-04-21,Customer_692,Headphones,Electronics,40502rs
3229,2026-01-30,Customer_668,Tablet,Electronics,75275
3230,2026-03-23,Customer_526,,Electronics,2655
3231,2026-03-28,Customer_381,Camera,Electronics,60936
3232,2026-04-20,Customer_349,Camera,Electronics,14764
3233,2026-01-10,Customer_88,Speaker,Electronics,6068
3234,2026-03-04,Customer_75,Tablet,Electronics,72272
3235,2026-01-11,Customer_536,Laptop,Electronics,20009
3236,2026-03-04,Customer_445,Speaker,Electronics,85347rs
3237,2026-01-27,Customer_555,Speaker,Electronics,7865
3238,2026-03-06,Customer_95,Tablet,Electronics,47095
3239,2026-01-19,Customer_498,Speaker,Electronics,2725
3240,2026-03-27,Customer_561,Mobile,Electronics,1353
3241,2026-04-04,Customer_591,Laptop,Electronics,58918
3242,2026-03-06,,Headphones,Electronics,96884
3243,2026-04-22,Customer_582,Tablet,Electronics,15252
3244,2026-04-16,Customer_616,Mobile,Electronics,60308
3245,2026-01-20,Customer_464,Mobile,Electronics,81743
3246,2026-02-06,Customer_414,Laptop,Electronics,17189
3247,2026-03-03,Customer_288,Tablet,Electronics,31278
3248,2026-01-29,Customer_330,Mobile,Electronics,85690
3249,2026-04-07,Customer_709,Laptop,Electronics,71020rs
3250,2026-04-19,Customer_114,Speaker,Electronics,85438rs
3251,2026-04-16,Customer_570,Speaker,Electronics,68234
3252,2026-04-26,Customer_633,Tablet,Electronics,55036
3253,2026-01-01,Customer_683,Camera,Electronics,71400
3254,2026-01-05,Customer_672,Headphones,electronics,44223
3255,2026-03-10,Customer_325,Laptop,Electronics,97625
3256,2026-04-13,Customer_369,Camera,Electronics,49197
3257,2026-03-24,Customer_401,Camera,Electronics,26949
3258,2026-04-27,Customer_180,Mobile,Electronics,34547
3259,2026-03-10,Customer_197,Laptop,Electronics,87870
3260,2026-03-01,Customer_319,Camera,Electronics,12053
3261,2026-03-14,Customer_84,Smartwatch,Electronics,76099
3262,2026-01-26,Customer_433,Headphones,electronics,32835
3263,2026-03-04,Customer_212,Speaker,Electronics,97153
3264,2026-03-14,Customer_158,Mobile,Electronics,17013
3265,2026-02-09,Customer_180,Mobile,Electronics,91709rs
3266,2026-03-30,Customer_702,Headphones,Electronics,27650
3267,2026-04-11,Customer_587,Laptop,Electronics,47059
3268,2026-04-08,Customer_793,Camera,Electronics,N/A
3269,2026-04-19,Customer_520,,Electronics,35513
3270,2026-04-01,Customer_692,Smartwatch,Electronics,38743
3271,2026-04-04,Customer_451,Smartwatch,Electronics,26156
3272,2026-04-12,Customer_120,Laptop,Electronics,75345
3273,2026-02-02,Customer_664,Headphones,Electronics,9966
3274,2026-03-07,Customer_403,Smartwatch,Electronics,61028
3275,2026-02-03,Customer_330,Tablet,electronics,11301
3276,2026-04-27,Customer_745,Mobile,Electronics,50324rs
3277,2026-02-11,Customer_168,Headphones,Electronics,15851
3278,2026-04-14,Customer_721,Tablet,electronics,N/A
3279,2026-04-13,Customer_586,Headphones,Electronics,38041
3280,2026-04-20,Customer_546,Mobile,Electronics,39274
3281,2026-03-02,Customer_697,Tablet,Electronics,20149
3282,2026-01-18,Customer_747,Camera,Electronics,18646
3283,2026-02-07,Customer_629,Headphones,Electronics,141
3284,2026-04-03,Customer_659,Mobile,Electronics,34047
3285,2026-04-20,Customer_213,Smartwatch,Electronics,3125
3286,2026-03-09,Customer_51,Tablet,electronics,71259
3287,2026-01-11,Customer_541,Laptop,Electronics,62747
3288,2026-03-28,Customer_279,Camera,Electronics,71395rs
3289,2026-02-28,Customer_693,,Electronics,13539
3290,2026-02-16,Customer_188,Headphones,Electronics,59437
3291,2026-04-15,Customer_475,Tablet,Electronics,N/A
3292,2026-01-23,Customer_762,Camera,Electronics,N/A
3293,2026-03-19,Customer_520,Headphones,Electronics,71824
3294,2026-01-12,Customer_332,Speaker,Electronics,23787
3295,2026-04-27,Customer_577,Headphones,Electronics,31306
3296,2026-01-27,Customer_539,Headphones,Electronics,6979
3297,2026-01-25,Customer_281,Tablet,Electronics,3168
3298,2026-04-26,Customer_759,Camera,Electronics,29806
3299,2026-03-26,Customer_118,Laptop,Electronics,90549
3300,2026-01-14,Customer_351,Headphones,Electronics,13168
3301,2026-01-06,,Laptop,Electronics,59034
3302,2026-03-07,Customer_498,Smartwatch,Electronics,N/A
3303,2026-01-12,Customer_361,Mobile,Electronics,63997
3304,2026-01-22,Customer_642,Mobile,Electronics,9007
3305,2026-03-06,Customer_330,Tablet,Electronics,20943
3306,2026-03-31,Customer_474,Tablet,Electronics,73022
3307,2026-03-22,Customer_359,Smartwatch,Electronics,46537
3308,2026-03-28,Customer_292,Smartwatch,Electronics,37202
3309,2026-04-19,Customer_356,Mobile,Electronics,44667
3310,2026-01-26,Customer_231,,Electronics,66130
3311,2026-01-10,Customer_538,Smartwatch,Electronics,64172
3312,2026-01-13,,Camera,Electronics,51823
3313,2026-01-07,Customer_645,Camera,Electronics,80035
3314,2026-01-10,Customer_713,Tablet,Electronics,95987
3315,2026-04-08,,Headphones,Electronics,32394
3316,2026-03-02,Customer_390,Headphones,Electronics,2187
3317,2026-02-12,Customer_358,Mobile,Electronics,17986
3318,2026-04-05,Customer_382,Camera,Electronics,77252
3319,2026-02-12,Customer_246,Laptop,Electronics,34104
3320,2026-04-16,Customer_710,Camera,Electronics,23468
3321,2026-01-18,Customer_554,Laptop,Electronics,N/A
3322,2026-01-14,Customer_218,Laptop,Electronics,67383
3323,2026-01-14,Customer_600,Smartwatch,Electronics,14735
3324,2026-01-30,Customer_108,Camera,Electronics,20581
3325,2026-02-28,Customer_627,Smartwatch,Electronics,64262rs
3326,2026-01-14,Customer_122,Mobile,Electronics,55331
3327,2026-02-10,Customer_632,Headphones,Electronics,97726
3328,2026-02-24,Customer_193,Camera,Electronics,38629
3329,2026-04-11,Customer_155,Smartwatch,Electronics,61560
3330,2026-02-10,,Smartwatch,Electronics,52970
3331,2026-01-04,Customer_51,Smartwatch,Electronics,50275
3332,2026-01-17,Customer_663,Headphones,Electronics,40047
3333,2026-02-05,Customer_621,Smartwatch,Electronics,N/A
3334,2026-01-06,Customer_554,Headphones,Electronics,40282rs
3335,2026-01-07,Customer_542,Camera,Electronics,15151
3336,2026-03-29,Customer_610,Smartwatch,Electronics,N/A
3337,2026-03-15,Customer_598,Speaker,Electronics,15958
3338,2026-02-20,,,Electronics,30103
3339,2026-02-24,Customer_564,Mobile,Electronics,76281
3340,2026-03-04,Customer_76,Mobile,Electronics,4811
3341,2026-03-12,Customer_234,Tablet,Electronics,1821
3342,2026-03-13,Customer_350,Laptop,Electronics,20821
3343,2026-03-10,,Speaker,Electronics,78170
3344,2026-04-25,Customer_797,Camera,electronics,74636
3345,2026-04-21,Customer_452,Mobile,Electronics,95411
3346,2026-04-29,Customer_45,Headphones,Electronics,N/A
3347,2026-01-22,Customer_317,,Electronics,N/A
3348,2026-04-17,Customer_635,Speaker,Electronics,7399
3349,2026-03-04,Customer_741,Headphones,Electronics,92379
3350,2026-03-14,Customer_420,Camera,Electronics,27618
3351,2026-04-23,Customer_537,Speaker,Electronics,53330
3352,2026-04-19,Customer_334,Camera,Electronics,45082rs
3353,2026-03-19,Customer_235,Tablet,Electronics,67254
3354,2026-03-17,Customer_638,Headphones,Electronics,65709rs
3355,2026-02-13,Customer_603,,Electronics,28117
3356,2026-01-21,Customer_463,Headphones,Electronics,96633
3357,2026-01-06,Customer_108,Tablet,Electronics,5546
3358,2026-01-09,Customer_138,Headphones,Electronics,34152
3359,2026-02-11,Customer_83,Mobile,Electronics,65342
3360,2026-02-21,Customer_343,Camera,Electronics,33571
3361,2026-02-12,Customer_522,Camera,Electronics,76126
3362,2026-03-09,Customer_148,Headphones,Electronics,48079
3363,2026-04-26,Customer_315,Tablet,Electronics,13753
3364,2026-01-25,Customer_371,Smartwatch,Electronics,3548
3365,2026-01-23,Customer_75,Laptop,Electronics,28717
3366,2026-02-09,Customer_520,Tablet,Electronics,18376
3367,2026-04-09,Customer_618,Laptop,Electronics,6351
3368,2026-04-09,Customer_260,Mobile,Electronics,41616
3369,2026-02-13,Customer_714,Mobile,Electronics,92706
3370,2026-04-12,Customer_53,Headphones,Electronics,3425
3371,2026-02-05,Customer_783,Tablet,Electronics,29121
3372,2026-02-09,Customer_461,Camera,Electronics,53095rs
3373,2026-02-03,Customer_422,Speaker,Electronics,56775
3374,2026-04-05,Customer_426,Headphones,Electronics,N/A
3375,2026-04-15,Customer_245,Headphones,Electronics,16820
3376,2026-01-15,Customer_771,Speaker,Electronics,27987
3377,2026-01-06,Customer_634,Tablet,Electronics,19910
3378,2026-02-14,Customer_130,Mobile,Electronics,94600
3379,2026-01-14,Customer_321,Speaker,Electronics,57245
3380,2026-03-09,Customer_387,Speaker,Electronics,71232
3381,2026-04-02,Customer_455,Smartwatch,Electronics,71577
3382,2026-01-17,Customer_521,Speaker,Electronics,20021
3383,2026-02-23,Customer_171,Laptop,Electronics,33970
3384,2026-03-10,Customer_71,Mobile,Electronics,75941
3385,2026-02-08,Customer_106,Laptop,Electronics,23713
3386,2026-03-15,Customer_83,Speaker,Electronics,33270
3387,2026-01-15,Customer_465,Tablet,Electronics,79602
3388,2026-04-06,Customer_346,,Electronics,41234
3389,2026-04-28,Customer_490,Smartwatch,Electronics,45493
3390,2026-01-27,Customer_174,Tablet,electronics,86193
3391,2026-02-10,Customer_529,Tablet,Electronics,68337
3392,2026-03-27,Customer_777,Camera,Electronics,35056
3393,2026-01-20,Customer_432,Camera,Electronics,4310
3394,2026-01-03,Customer_109,Mobile,Electronics,52878
3395,2026-02-27,Customer_633,Laptop,Electronics,N/A
3396,2026-02-06,Customer_133,Camera,Electronics,13772
3397,2026-01-06,Customer_747,Smartwatch,Electronics,93886
3398,2026-01-27,Customer_48,Tablet,Electronics,48905
3399,2026-03-03,Customer_52,Smartwatch,Electronics,37286
3400,2026-03-07,Customer_185,Laptop,Electronics,74434
3401,2026-01-08,Customer_158,Smartwatch,Electronics,32493
3402,2026-02-20,Customer_87,Speaker,Electronics,21464
3403,2026-02-14,Customer_367,Tablet,Electronics,72014
3404,2026-02-17,Customer_26,Headphones,Electronics,9348
3405,2026-01-16,Customer_273,Camera,Electronics,67462
3406,2026-04-01,Customer_177,Laptop,Electronics,44813
3407,2026-04-19,Customer_341,Smartwatch,Electronics,N/A
3408,2026-03-08,Customer_342,,Electronics,14313
3409,2026-03-07,Customer_263,Speaker,Electronics,60598
3410,2026-05-01,Customer_657,Headphones,Electronics,11700
3411,2026-01-04,Customer_136,Mobile,Electronics,30714
3412,2026-02-21,Customer_373,Headphones,Electronics,93463rs
3413,2026-04-01,Customer_353,Speaker,Electronics,55696
3414,2026-02-27,Customer_211,Camera,Electronics,63455
3415,2026-02-28,Customer_399,Laptop,Electronics,31918
3416,2026-01-05,Customer_198,Tablet,Electronics,91994
3417,2026-02-01,Customer_580,Headphones,Electronics,25789
3418,2026-03-17,Customer_282,Speaker,Electronics,56451
3419,2026-02-05,Customer_565,Tablet,Electronics,60249
3420,2026-02-07,Customer_711,Laptop,Electronics,73917
3421,2026-01-14,Customer_229,Camera,Electronics,N/A
3422,2026-02-02,Customer_137,Mobile,Electronics,20268
3423,2026-01-26,Customer_129,Smartwatch,Electronics,63576
3424,2026-04-16,Customer_457,,Electronics,20484
3425,2026-02-03,Customer_411,Smartwatch,electronics,78214
3426,2026-04-21,Customer_45,Laptop,Electronics,25564rs
3427,2026-01-13,Customer_725,Laptop,Electronics,31531
3428,2026-02-22,Customer_118,Speaker,Electronics,2970
3429,2026-04-18,,Mobile,Electronics,97891
3430,2026-03-02,Customer_624,Smartwatch,Electronics,17353
3431,2026-02-05,Customer_147,Speaker,Electronics,55771
3432,2026-01-10,Customer_631,Speaker,Electronics,66345
3433,2026-01-27,Customer_697,Headphones,Electronics,67802
3434,2026-04-26,Customer_106,Laptop,Electronics,18994
3435,2026-03-06,Customer_796,Mobile,Electronics,1756
3436,2026-01-08,Customer_12,Headphones,Electronics,96767
3437,2026-01-19,Customer_110,Tablet,Electronics,17216
3438,2026-02-14,Customer_797,Camera,Electronics,56127
3439,2026-03-19,Customer_306,Mobile,Electronics,58264
3440,2026-03-30,,Camera,Electronics,33376
3441,2026-01-25,Customer_315,Smartwatch,Electronics,73365
3442,2026-03-09,Customer_723,Speaker,Electronics,92682
3443,2026-02-01,Customer_397,Headphones,Electronics,44520
3444,2026-02-03,Customer_766,Tablet,electronics,71020
3445,2026-04-02,Customer_544,Headphones,Electronics,20551
3446,2026-02-05,Customer_222,Speaker,Electronics,24287
3447,2026-04-17,Customer_522,Camera,Electronics,32471
3448,2026-04-25,Customer_703,Smartwatch,Electronics,68522
3449,2026-03-10,Customer_681,Tablet,Electronics,95050
3450,2026-02-23,Customer_253,Laptop,Electronics,39158
3451,2026-02-24,Customer_191,Speaker,Electronics,18703
3452,2026-04-10,Customer_500,Smartwatch,Electronics,53017rs
3453,2026-04-23,Customer_438,,Electronics,76469
3454,2026-03-24,Customer_94,Mobile,Electronics,28129
3455,2026-02-14,Customer_568,Tablet,Electronics,96763
3456,2026-01-12,Customer_105,Speaker,Electronics,56836
3457,2026-01-13,,Tablet,electronics,N/A
3458,2026-02-11,Customer_287,Headphones,Electronics,87419
3459,2026-03-31,Customer_505,,Electronics,69458
3460,2026-04-24,Customer_342,Smartwatch,Electronics,64075
3461,2026-03-18,Customer_799,Speaker,Electronics,40250
3462,2026-03-01,Customer_636,Camera,Electronics,33566
3463,2026-04-05,Customer_720,,Electronics,69469
3464,2026-04-09,Customer_530,Speaker,Electronics,51524
3465,2026-04-01,Customer_763,Smartwatch,Electronics,49489
3466,2026-04-01,Customer_58,Speaker,Electronics,62994
3467,2026-04-14,Customer_419,Mobile,Electronics,39857
3468,2026-03-09,Customer_596,Smartwatch,Electronics,11400
3469,2026-03-15,Customer_293,Smartwatch,Electronics,58112
3470,2026-03-28,Customer_472,Smartwatch,Electronics,15482
3471,2026-03-29,Customer_338,Laptop,Electronics,73814
3472,2026-01-12,Customer_388,Camera,electronics,56114
3473,2026-04-22,Customer_401,Tablet,Electronics,N/A
3474,2026-02-20,Customer_188,Smartwatch,Electronics,57481
3475,2026-01-08,Customer_383,Camera,Electronics,20144
3476,2026-04-02,Customer_773,Headphones,Electronics,19309
3477,2026-03-23,Customer_759,Headphones,Electronics,63924
3478,2026-01-25,Customer_241,Camera,Electronics,2297
3479,2026-05-01,Customer_387,Headphones,Electronics,22718
3480,2026-03-16,Customer_62,Laptop,Electronics,90940
3481,2026-04-27,Customer_704,Tablet,Electronics,60760
3482,2026-04-12,Customer_703,Mobile,Electronics,73041
3483,2026-03-15,Customer_430,Speaker,Electronics,77042
3484,2026-04-12,,Speaker,Electronics,52989
3485,2026-03-24,Customer_388,,Electronics,65323
3486,2026-03-10,Customer_635,Smartwatch,Electronics,90617
3487,2026-02-13,Customer_399,Laptop,Electronics,39625
3488,2026-04-15,Customer_760,Camera,Electronics,4200
3489,2026-02-21,Customer_207,Tablet,electronics,49920
3490,2026-02-24,Customer_17,Tablet,Electronics,10321
3491,2026-02-25,Customer_488,Headphones,Electronics,N/A
3492,2026-03-23,Customer_305,Headphones,Electronics,7573
3493,2026-02-14,,Camera,Electronics,46189
3494,2026-02-11,Customer_283,Tablet,Electronics,45057
3495,2026-01-27,Customer_452,Mobile,Electronics,60563
3496,2026-02-07,Customer_768,Smartwatch,electronics,63797
3497,2026-03-20,Customer_729,,Electronics,74930
3498,2026-01-15,Customer_456,Mobile,Electronics,57902
3499,2026-03-30,Customer_126,Camera,Electronics,188
3500,2026-02-27,Customer_695,Camera,Electronics,90924
3501,2026-01-09,Customer_428,Camera,Electronics,212
3502,2026-02-04,Customer_558,Camera,Electronics,91608rs
3503,2026-01-14,Customer_772,Headphones,Electronics,7387
3504,2026-02-24,,Speaker,Electronics,59727
3505,2026-04-02,Customer_23,Laptop,Electronics,30144
3506,2026-02-09,Customer_741,,Electronics,68009
3507,2026-03-03,Customer_432,Smartwatch,Electronics,62507rs
3508,2026-01-20,Customer_249,Headphones,Electronics,4766
3509,2026-02-19,Customer_614,Tablet,Electronics,66570
3510,2026-03-11,Customer_430,Smartwatch,Electronics,95022
3511,2026-03-17,Customer_63,Laptop,Electronics,98661
3512,2026-02-09,Customer_371,Headphones,Electronics,14538
3513,2026-03-19,Customer_443,Smartwatch,Electronics,32838rs
3514,2026-01-05,Customer_585,,Electronics,24331
3515,2026-05-01,Customer_503,Tablet,electronics,9432
3516,2026-02-16,Customer_295,Mobile,Electronics,N/A
3517,2026-03-28,Customer_759,Camera,electronics,93608rs
3518,2026-02-18,Customer_522,Camera,Electronics,16527
3519,2026-04-13,Customer_318,Speaker,Electronics,12205
3520,2026-01-05,Customer_228,Smartwatch,Electronics,71421
3521,2026-03-01,Customer_188,Tablet,Electronics,19011rs
3522,2026-04-10,Customer_351,Tablet,Electronics,77480
3523,2026-02-03,Customer_200,Camera,Electronics,22963
3524,2026-01-14,Customer_560,Tablet,Electronics,99281
3525,2026-01-12,Customer_772,Mobile,Electronics,68951
3526,2026-02-27,Customer_788,Laptop,Electronics,5460
3527,2026-01-25,Customer_535,Speaker,Electronics,18746
3528,2026-02-12,Customer_467,Smartwatch,Electronics,59160
3529,2026-04-07,Customer_748,Tablet,Electronics,36340rs
3530,2026-01-18,Customer_31,Headphones,Electronics,11797
3531,2026-02-20,Customer_650,Headphones,Electronics,14786
3532,2026-02-27,Customer_516,Mobile,Electronics,4432
3533,2026-01-01,Customer_687,Laptop,Electronics,74142
3534,2026-02-14,Customer_317,Laptop,Electronics,90604
3535,2026-04-26,Customer_721,Smartwatch,Electronics,67259
3536,2026-01-20,Customer_157,Tablet,Electronics,37254
3537,2026-03-19,Customer_536,Mobile,Electronics,13447
3538,2026-02-11,Customer_61,Speaker,Electronics,25680
3539,2026-03-16,Customer_110,Laptop,Electronics,63502
3540,2026-03-03,,Tablet,Electronics,24865
3541,2026-03-29,Customer_374,Camera,Electronics,60593
3542,2026-04-14,Customer_230,Laptop,Electronics,19024
3543,2026-03-02,Customer_451,Mobile,Electronics,54229rs
3544,2026-01-13,Customer_183,Laptop,Electronics,65754
3545,2026-01-17,Customer_61,,Electronics,9285
3546,2026-02-05,Customer_54,Speaker,Electronics,88362
3547,2026-04-12,Customer_462,Mobile,Electronics,8791
3548,2026-02-13,Customer_240,Camera,Electronics,58599
3549,2026-01-09,Customer_426,Headphones,Electronics,44843
3550,2026-03-28,Customer_419,Smartwatch,Electronics,72368
3551,2026-04-25,Customer_272,Camera,Electronics,58681
3552,2026-03-31,Customer_433,Smartwatch,Electronics,90334
3553,2026-04-21,Customer_783,Speaker,Electronics,17756
3554,2026-01-27,Customer_102,Headphones,Electronics,41784
3555,2026-02-25,Customer_292,Smartwatch,Electronics,60344
3556,2026-03-10,Customer_542,Camera,Electronics,94623
3557,2026-03-09,Customer_183,Speaker,Electronics,6219
3558,2026-04-12,Customer_430,Laptop,Electronics,49891
3559,2026-03-09,Customer_555,Mobile,Electronics,48445
3560,2026-03-27,Customer_374,Tablet,Electronics,35902
3561,2026-01-29,Customer_217,Mobile,Electronics,23616
3562,2026-04-02,Customer_113,Headphones,Electronics,N/A
3563,2026-02-13,,,Electronics,36558
3564,2026-01-01,Customer_765,Tablet,Electronics,28312
3565,2026-01-13,Customer_553,Laptop,Electronics,25733
3566,2026-02-05,Customer_445,Speaker,Electronics,73304
3567,2026-04-03,Customer_734,Camera,Electronics,66163
3568,2026-01-09,Customer_96,Camera,Electronics,72263
3569,2026-04-19,Customer_116,Headphones,Electronics,76448
3570,2026-03-12,Customer_650,Tablet,Electronics,81386
3571,2026-04-21,Customer_303,Headphones,Electronics,57332
3572,2026-03-09,Customer_544,Smartwatch,Electronics,52614
3573,2026-02-25,Customer_734,Speaker,Electronics,41840
3574,2026-01-15,Customer_478,Speaker,Electronics,3370rs
3575,2026-01-20,Customer_330,Mobile,Electronics,36105
3576,2026-02-01,Customer_337,Headphones,Electronics,34388
3577,2026-04-17,Customer_795,Speaker,Electronics,17260rs
3578,2026-02-19,Customer_382,,Electronics,74176
3579,2026-04-02,Customer_718,,Electronics,75280
3580,2026-04-27,Customer_258,Speaker,Electronics,63830
3581,2026-02-26,Customer_358,Camera,Electronics,32583
3582,2026-03-07,Customer_82,Tablet,Electronics,68122
3583,2026-03-14,Customer_115,Laptop,Electronics,98503
3584,2026-04-02,Customer_556,Headphones,Electronics,64653
3585,2026-04-27,Customer_252,Speaker,Electronics,8793
3586,2026-03-15,Customer_49,Smartwatch,Electronics,85872
3587,2026-01-24,Customer_145,Laptop,Electronics,51867
3588,2026-01-09,Customer_570,Mobile,Electronics,724
3589,2026-03-27,Customer_191,Speaker,Electronics,95530
3590,2026-04-20,Customer_323,,Electronics,89071
3591,2026-03-03,Customer_645,Laptop,Electronics,90179
3592,2026-02-23,Customer_368,Tablet,Electronics,N/A
3593,2026-03-28,Customer_437,Headphones,Electronics,97401
3594,2026-03-16,,Smartwatch,Electronics,31356
3595,2026-02-19,Customer_604,Laptop,Electronics,19526
3596,2026-01-02,Customer_128,Smartwatch,Electronics,58859
3597,2026-04-04,,Laptop,Electronics,80484
3598,2026-01-17,Customer_322,Mobile,Electronics,76213
3599,2026-03-15,Customer_372,Speaker,Electronics,55701
3600,2026-01-01,Customer_678,Mobile,Electronics,12563
3601,2026-02-23,Customer_330,Mobile,Electronics,26376
3602,2026-04-17,Customer_447,Mobile,Electronics,54709
3603,2026-04-21,Customer_630,Mobile,Electronics,38238
3604,2026-02-02,Customer_488,Tablet,Electronics,57890
3605,2026-01-08,Customer_87,Laptop,Electronics,94191
3606,2026-03-18,Customer_182,Tablet,Electronics,39668
3607,2026-01-30,Customer_439,Headphones,Electronics,55665
3608,2026-02-18,Customer_498,Smartwatch,Electronics,83854
3609,2026-03-20,Customer_722,Laptop,Electronics,73915
3610,2026-01-18,Customer_520,Tablet,Electronics,3308
3611,2026-03-28,,Mobile,Electronics,24680
3612,2026-03-19,Customer_140,Smartwatch,Electronics,41629
3613,2026-04-02,Customer_169,Speaker,Electronics,20286
3614,2026-02-12,Customer_674,Speaker,Electronics,86076
3615,2026-04-29,Customer_100,Mobile,Electronics,10935
3616,2026-01-17,Customer_791,Mobile,Electronics,97713
3617,2026-04-18,Customer_159,Mobile,Electronics,77812
3618,2026-01-31,Customer_338,Smartwatch,Electronics,68573
3619,2026-01-24,Customer_368,Smartwatch,Electronics,70966
3620,2026-02-06,Customer_245,Tablet,Electronics,68396
3621,2026-01-13,Customer_594,Smartwatch,Electronics,N/A
3622,2026-04-29,Customer_437,Smartwatch,Electronics,33727
3623,2026-01-13,Customer_413,Tablet,Electronics,29866
3624,2026-01-09,Customer_575,Laptop,Electronics,56700rs
3625,2026-01-29,Customer_503,,Electronics,57766
3626,2026-03-01,Customer_424,,Electronics,33934
3627,2026-02-23,Customer_120,,Electronics,79
3628,2026-01-20,Customer_156,Tablet,Electronics,24515
3629,2026-01-23,Customer_176,Speaker,Electronics,90697
3630,2026-04-12,Customer_363,Headphones,Electronics,50129
3631,2026-04-03,Customer_682,Headphones,Electronics,60941
3632,2026-03-07,Customer_18,Tablet,Electronics,41582
3633,2026-01-02,Customer_772,Tablet,Electronics,22879
3634,2026-02-10,Customer_499,Tablet,Electronics,13732
3635,2026-01-09,Customer_10,Mobile,Electronics,33129
3636,2026-04-04,Customer_765,Headphones,Electronics,61661
3637,2026-01-01,Customer_172,Laptop,Electronics,96505
3638,2026-02-25,Customer_629,Smartwatch,Electronics,6463rs
3639,2026-01-20,,Camera,Electronics,7642
3640,2026-02-28,Customer_474,Speaker,Electronics,23197
3641,2026-01-11,Customer_748,Speaker,Electronics,7281rs
3642,2026-02-28,Customer_81,Camera,Electronics,60566
3643,2026-05-01,Customer_11,Mobile,Electronics,82153
3644,2026-02-05,Customer_424,Headphones,electronics,10738
3645,2026-01-26,Customer_505,Laptop,Electronics,61139
3646,2026-01-16,Customer_250,Tablet,electronics,22908
3647,2026-04-14,Customer_521,,Electronics,68585
3648,2026-01-08,Customer_106,Speaker,Electronics,79752
3649,2026-04-12,Customer_410,Mobile,Electronics,64382
3650,2026-01-27,Customer_438,Headphones,Electronics,68370rs
3651,2026-02-06,Customer_400,,Electronics,12535
3652,2026-03-29,Customer_275,Camera,electronics,81231rs
3653,2026-01-14,Customer_730,Camera,Electronics,28216
3654,2026-04-24,Customer_294,Laptop,Electronics,3169
3655,2026-02-16,Customer_520,Camera,Electronics,99915
3656,2026-02-09,Customer_613,Smartwatch,Electronics,47795
3657,2026-01-13,Customer_5,Camera,electronics,61185
3658,2026-02-25,Customer_28,Headphones,Electronics,33423
3659,2026-03-31,Customer_107,Laptop,Electronics,29820
3660,2026-01-17,Customer_370,Camera,electronics,7507
3661,2026-04-25,Customer_274,Tablet,Electronics,70026
3662,2026-03-11,Customer_527,,Electronics,18253
3663,2026-03-24,Customer_265,Speaker,Electronics,16010
3664,2026-04-29,Customer_666,Camera,Electronics,51227
3665,2026-03-11,Customer_641,Tablet,Electronics,41584
3666,2026-03-26,,Camera,Electronics,46512
3667,2026-03-11,Customer_5,Headphones,electronics,50031
3668,2026-03-06,Customer_756,Speaker,Electronics,65127
3669,2026-03-29,Customer_57,Camera,Electronics,95469rs
3670,2026-01-11,Customer_514,Smartwatch,Electronics,71489
3671,2026-02-02,Customer_455,Smartwatch,Electronics,47663
3672,2026-04-10,Customer_663,Camera,Electronics,98108
3673,2026-01-10,Customer_720,Mobile,Electronics,52517
3674,2026-02-14,Customer_8,,Electronics,45332
3675,2026-02-14,Customer_469,Camera,Electronics,66787
3676,2026-01-21,Customer_76,Headphones,Electronics,46780
3677,2026-02-18,Customer_157,Laptop,Electronics,1323
3678,2026-02-13,Customer_380,Speaker,Electronics,82287
3679,2026-02-10,Customer_756,Laptop,Electronics,31618
3680,2026-01-17,Customer_520,Mobile,Electronics,59659
3681,2026-02-28,Customer_666,Speaker,Electronics,1706
3682,2026-02-26,Customer_162,Laptop,Electronics,N/A
3683,2026-02-08,Customer_646,Mobile,Electronics,12800
3684,2026-04-26,Customer_259,Smartwatch,Electronics,27515
3685,2026-02-06,Customer_344,Smartwatch,Electronics,65142
3686,2026-04-13,Customer_708,Camera,Electronics,73466
3687,2026-04-22,Customer_9,Mobile,Electronics,34285
3688,2026-04-01,Customer_518,Camera,Electronics,8211
3689,2026-04-15,Customer_56,Speaker,Electronics,51301
3690,2026-04-20,Customer_315,Speaker,Electronics,95198
3691,2026-03-04,Customer_726,Smartwatch,Electronics,90690
3692,2026-03-09,Customer_392,Laptop,electronics,45373
3693,2026-04-27,Customer_123,Headphones,Electronics,5677
3694,2026-02-17,Customer_74,Camera,Electronics,58457
3695,2026-01-15,Customer_515,Speaker,Electronics,55668
3696,2026-01-24,Customer_256,Headphones,Electronics,17030rs
3697,2026-04-29,Customer_377,Mobile,Electronics,54929
3698,2026-01-22,Customer_431,Mobile,Electronics,97284rs
3699,2026-02-02,Customer_431,Laptop,Electronics,50885
3700,2026-01-29,Customer_183,Smartwatch,Electronics,83204
3701,2026-03-15,Customer_620,Camera,Electronics,96564
3702,2026-04-22,Customer_438,Speaker,Electronics,60977
3703,2026-01-19,Customer_323,Smartwatch,Electronics,15449
3704,2026-03-16,Customer_313,Speaker,Electronics,98868
3705,2026-03-16,Customer_280,Laptop,Electronics,16037
3706,2026-02-18,,Speaker,Electronics,67156
3707,2026-02-06,Customer_755,Tablet,Electronics,18164
3708,2026-02-19,Customer_225,Speaker,Electronics,37165
3709,2026-01-07,Customer_204,Smartwatch,Electronics,84913
3710,2026-02-11,Customer_348,Smartwatch,Electronics,61608
3711,2026-03-06,Customer_485,Tablet,Electronics,43402
3712,2026-03-11,Customer_794,,electronics,63568
3713,2026-03-04,Customer_605,Laptop,Electronics,21377
3714,2026-03-18,Customer_508,,Electronics,72065
3715,2026-04-22,Customer_347,Speaker,Electronics,64094
3716,2026-02-01,Customer_38,Tablet,Electronics,34517rs
3717,2026-04-23,Customer_800,Headphones,Electronics,N/A
3718,2026-02-08,Customer_506,Laptop,Electronics,12222
3719,2026-04-29,,Mobile,Electronics,24893
3720,2026-03-01,Customer_606,Smartwatch,Electronics,77792
3721,2026-01-16,Customer_64,Camera,Electronics,38729
3722,2026-01-03,Customer_377,Laptop,Electronics,21532rs
3723,2026-02-12,Customer_39,Laptop,Electronics,90805
3724,2026-05-01,Customer_411,Tablet,Electronics,33452
3725,2026-04-09,Customer_679,Smartwatch,Electronics,58800
3726,2026-04-14,,Smartwatch,Electronics,79201
3727,2026-01-30,Customer_370,Mobile,Electronics,65781
3728,2026-01-16,,Smartwatch,Electronics,48449
3729,2026-03-03,Customer_291,Smartwatch,Electronics,18004
3730,2026-01-13,Customer_324,Speaker,Electronics,49795
3731,2026-01-25,Customer_578,Laptop,Electronics,28777
3732,2026-01-29,Customer_279,Laptop,Electronics,96376
3733,2026-03-12,Customer_81,Headphones,Electronics,73632
3734,2026-02-08,Customer_684,Laptop,Electronics,80856
3735,2026-03-27,Customer_145,Laptop,Electronics,28430
3736,2026-04-24,Customer_328,Laptop,Electronics,32668
3737,2026-01-05,,Smartwatch,Electronics,95772
3738,2026-02-13,Customer_84,Speaker,electronics,9806
3739,2026-03-03,Customer_91,Speaker,Electronics,40061
3740,2026-01-24,Customer_439,Speaker,Electronics,60908
3741,2026-03-22,Customer_314,Camera,Electronics,84628
3742,2026-03-25,Customer_334,Mobile,Electronics,N/A
3743,2026-04-24,Customer_65,Laptop,Electronics,93081
3744,2026-03-26,Customer_196,Camera,Electronics,13882
3745,2026-01-09,,Smartwatch,Electronics,50863
3746,2026-03-22,Customer_211,,Electronics,17386
3747,2026-03-26,Customer_669,Camera,Electronics,85504
3748,2026-02-10,,Mobile,Electronics,540
3749,2026-04-08,Customer_782,Tablet,Electronics,84460rs
3750,2026-03-17,Customer_501,Tablet,Electronics,79450
3751,2026-01-06,Customer_431,Camera,Electronics,74
3752,2026-01-27,Customer_83,Smartwatch,Electronics,60904
3753,2026-03-29,Customer_171,Smartwatch,Electronics,54310
3754,2026-03-09,Customer_756,Laptop,Electronics,12496
3755,2026-02-13,Customer_400,Speaker,Electronics,48493
3756,2026-02-21,,Mobile,Electronics,48892
3757,2026-04-03,Customer_735,Smartwatch,electronics,12416
3758,2026-04-10,Customer_238,Headphones,Electronics,66092
3759,2026-03-13,Customer_373,Smartwatch,Electronics,44375
3760,2026-04-08,Customer_470,Tablet,Electronics,31191
3761,2026-02-04,Customer_401,Smartwatch,Electronics,7601rs
3762,2026-04-16,Customer_732,Tablet,Electronics,20109
3763,2026-01-13,Customer_580,Smartwatch,Electronics,23146
3764,2026-03-22,Customer_665,Tablet,Electronics,45611
3765,2026-04-04,Customer_700,Camera,Electronics,31988
3766,2026-03-11,Customer_586,Tablet,Electronics,84213
3767,2026-04-17,Customer_289,Mobile,Electronics,74428
3768,2026-02-01,Customer_64,Headphones,Electronics,99333
3769,2026-02-04,Customer_320,Smartwatch,Electronics,12582
3770,2026-04-01,Customer_117,Camera,Electronics,74725
3771,2026-02-13,Customer_653,Smartwatch,Electronics,81846
3772,2026-04-02,Customer_566,Laptop,Electronics,95404
3773,2026-04-11,Customer_570,Speaker,Electronics,6752
3774,2026-02-08,,Speaker,Electronics,99258
3775,2026-02-19,Customer_346,Laptop,Electronics,17038
3776,2026-01-22,Customer_69,Speaker,Electronics,41446
3777,2026-03-20,Customer_5,Camera,Electronics,19852
3778,2026-02-08,Customer_575,Laptop,Electronics,43899
3779,2026-02-24,Customer_46,Camera,Electronics,40832
3780,2026-04-10,Customer_607,Smartwatch,Electronics,42109
3781,2026-03-06,Customer_372,Speaker,Electronics,30468
3782,2026-02-06,Customer_249,Camera,Electronics,80658
3783,2026-04-27,Customer_204,Laptop,Electronics,35036
3784,2026-04-07,Customer_88,Tablet,Electronics,18713
3785,2026-04-14,Customer_499,,Electronics,9881rs
3786,2026-01-31,Customer_639,Laptop,Electronics,87849
3787,2026-04-15,Customer_351,Laptop,Electronics,89579
3788,2026-04-30,Customer_302,Smartwatch,Electronics,87519
3789,2026-04-03,Customer_694,Tablet,Electronics,6802
3790,2026-02-28,Customer_524,Camera,Electronics,87648
3791,2026-02-23,Customer_188,Headphones,Electronics,54392
3792,2026-01-31,Customer_210,Speaker,Electronics,75214rs
3793,2026-02-17,Customer_29,Camera,Electronics,23746
3794,2026-01-17,Customer_484,Tablet,Electronics,47991
3795,2026-02-23,Customer_610,Mobile,Electronics,91230
3796,2026-01-20,Customer_558,Headphones,electronics,59691
3797,2026-01-27,Customer_139,Tablet,Electronics,46872
3798,2026-01-23,Customer_613,Tablet,Electronics,42612
3799,2026-02-23,Customer_672,,Electronics,74935
3800,2026-01-24,Customer_633,Smartwatch,Electronics,12939
3801,2026-02-28,Customer_406,Speaker,Electronics,86197
3802,2026-03-07,Customer_41,Smartwatch,Electronics,92209
3803,2026-04-05,Customer_536,Speaker,Electronics,51284
3804,2026-04-04,Customer_351,Headphones,Electronics,95233
3805,2026-04-05,Customer_736,Headphones,Electronics,78837rs
3806,2026-01-04,,Tablet,Electronics,76478
3807,2026-03-18,Customer_205,Camera,Electronics,10979
3808,2026-01-14,Customer_222,Camera,Electronics,74855
3809,2026-04-02,Customer_255,,Electronics,2527
3810,2026-01-27,Customer_479,Laptop,Electronics,67099
3811,2026-03-15,Customer_737,,electronics,71083
3812,2026-04-11,Customer_306,Headphones,Electronics,17824
3813,2026-01-28,Customer_161,Speaker,Electronics,70905
3814,2026-04-13,Customer_617,Smartwatch,Electronics,32701
3815,2026-04-27,Customer_666,Camera,Electronics,49099
3816,2026-04-17,Customer_747,Laptop,Electronics,76868
3817,2026-02-10,Customer_676,Laptop,Electronics,52937
3818,2026-03-04,Customer_637,Mobile,Electronics,46804
3819,2026-01-26,Customer_114,Laptop,Electronics,70511
3820,2026-01-31,Customer_13,Laptop,Electronics,49598
3821,2026-04-12,Customer_242,Laptop,Electronics,41619
3822,2026-03-12,Customer_311,Speaker,Electronics,90140
3823,2026-03-25,Customer_38,Laptop,Electronics,80682
3824,2026-03-16,Customer_553,Laptop,electronics,41724
3825,2026-03-15,Customer_79,Laptop,Electronics,73721rs
3826,2026-02-27,Customer_352,Smartwatch,Electronics,94241
3827,2026-01-01,Customer_674,Headphones,Electronics,34007
3828,2026-02-17,Customer_672,Laptop,Electronics,31556
3829,2026-03-31,Customer_756,Speaker,Electronics,90399
3830,2026-01-21,Customer_573,Speaker,Electronics,82525
3831,2026-04-30,Customer_51,Tablet,Electronics,27321
3832,2026-03-27,Customer_428,Smartwatch,Electronics,82139
3833,2026-03-03,Customer_241,,Electronics,89424
3834,2026-01-28,Customer_86,Camera,Electronics,42497
3835,2026-01-25,Customer_358,Mobile,Electronics,23538
3836,2026-01-12,Customer_557,Smartwatch,Electronics,51265
3837,2026-02-25,Customer_736,Laptop,Electronics,34037
3838,2026-03-29,Customer_42,Mobile,Electronics,86892
3839,2026-01-27,Customer_274,Headphones,Electronics,94096
3840,2026-01-16,Customer_230,Speaker,Electronics,93656
3841,2026-01-31,Customer_43,Speaker,Electronics,10601
3842,2026-02-11,Customer_616,Smartwatch,Electronics,61821
3843,2026-02-18,Customer_539,Smartwatch,Electronics,86450
3844,2026-03-28,Customer_343,Tablet,Electronics,68412
3845,2026-01-30,Customer_446,Laptop,Electronics,70409
3846,2026-01-17,Customer_620,Camera,Electronics,52401
3847,2026-01-29,Customer_720,Mobile,Electronics,25246
3848,2026-04-04,Customer_616,Smartwatch,Electronics,76614
3849,2026-02-20,Customer_286,Smartwatch,Electronics,34001
3850,2026-02-28,Customer_142,Smartwatch,Electronics,77823
3851,2026-03-29,Customer_194,Mobile,Electronics,84762
3852,2026-04-22,Customer_752,Headphones,Electronics,2122
3853,2026-02-04,Customer_728,Camera,Electronics,55887
3854,2026-02-28,Customer_51,Camera,Electronics,58326
3855,2026-03-16,,Camera,Electronics,49030
3856,2026-03-25,Customer_516,Tablet,Electronics,66556
3857,2026-03-30,Customer_721,Speaker,Electronics,4423
3858,2026-04-18,Customer_135,Camera,Electronics,94131
3859,2026-03-31,Customer_789,Headphones,Electronics,88495
3860,2026-03-12,Customer_549,Speaker,Electronics,397
3861,2026-03-29,Customer_517,Speaker,Electronics,61240
3862,2026-03-11,Customer_432,Camera,Electronics,4401
3863,2026-03-08,Customer_115,Tablet,Electronics,28921
3864,2026-02-20,Customer_3,Camera,Electronics,70841
3865,2026-02-03,Customer_668,Headphones,Electronics,89686
3866,2026-01-05,Customer_594,Smartwatch,Electronics,57326
3867,2026-03-14,Customer_269,Mobile,Electronics,97265
3868,2026-01-14,Customer_511,Camera,Electronics,97111
3869,2026-04-14,Customer_30,Smartwatch,Electronics,7984
3870,2026-02-27,Customer_342,Headphones,Electronics,90823rs
3871,2026-02-04,Customer_296,Laptop,Electronics,3957
3872,2026-01-04,Customer_561,Mobile,Electronics,58461
3873,2026-04-14,Customer_401,Laptop,Electronics,11288
3874,2026-01-09,Customer_540,Mobile,Electronics,45345
3875,2026-02-21,Customer_493,Tablet,Electronics,9155
3876,2026-01-04,Customer_442,Speaker,Electronics,84425
3877,2026-02-27,Customer_395,Headphones,Electronics,38635
3878,2026-03-26,Customer_661,Tablet,Electronics,10055
3879,2026-04-23,,Smartwatch,Electronics,25881
3880,2026-03-02,Customer_157,Laptop,Electronics,85544
3881,2026-03-22,Customer_350,Smartwatch,Electronics,63679
3882,2026-03-29,Customer_334,Tablet,electronics,93186
3883,2026-03-15,Customer_476,Speaker,Electronics,91726
3884,2026-03-15,Customer_254,Mobile,Electronics,37007
3885,2026-03-21,Customer_43,,Electronics,95050rs
3886,2026-03-07,Customer_132,Speaker,Electronics,43789
3887,2026-02-01,Customer_356,Mobile,Electronics,13485
3888,2026-02-16,Customer_120,Mobile,Electronics,65080
3889,2026-04-02,Customer_75,Tablet,Electronics,47933
3890,2026-02-09,Customer_133,,Electronics,49828
3891,2026-03-03,Customer_202,Tablet,Electronics,33414
3892,2026-04-19,Customer_523,,Electronics,42553
3893,2026-01-28,Customer_779,Laptop,Electronics,96723
3894,2026-02-21,Customer_157,Mobile,Electronics,3086
3895,2026-01-10,Customer_674,,Electronics,23343
3896,2026-03-29,Customer_756,Mobile,Electronics,6246
3897,2026-02-11,Customer_750,Mobile,Electronics,31801
3898,2026-04-11,Customer_581,Headphones,Electronics,86831
3899,2026-04-27,Customer_143,Headphones,Electronics,36919
3900,2026-02-20,Customer_404,Speaker,Electronics,72513
3901,2026-02-02,Customer_55,Headphones,Electronics,87264
3902,2026-02-27,Customer_310,Smartwatch,Electronics,47460
3903,2026-01-23,Customer_607,Camera,Electronics,8517
3904,2026-03-21,Customer_693,Headphones,Electronics,20839
3905,2026-02-09,Customer_391,Smartwatch,Electronics,79944rs
3906,2026-04-23,Customer_91,Camera,Electronics,N/Ars
3907,2026-01-14,Customer_599,Laptop,Electronics,47195
3908,2026-03-09,Customer_103,Headphones,Electronics,92765
3909,2026-01-03,Customer_31,Tablet,Electronics,72592
3910,2026-01-21,,Speaker,Electronics,57796
3911,2026-03-13,Customer_80,Smartwatch,Electronics,29587
3912,2026-01-07,Customer_757,Smartwatch,Electronics,49386
3913,2026-03-29,Customer_453,Speaker,Electronics,59860
3914,2026-04-20,Customer_57,Headphones,Electronics,63963
3915,2026-03-24,Customer_471,Speaker,Electronics,23824
3916,2026-04-14,Customer_288,Mobile,Electronics,58650
3917,2026-02-16,Customer_196,Camera,Electronics,53630
3918,2026-03-25,Customer_797,Camera,Electronics,N/A
3919,2026-03-31,Customer_621,Headphones,Electronics,56689
3920,2026-04-18,Customer_132,,Electronics,44176
3921,2026-04-14,Customer_299,Laptop,Electronics,97084
3922,2026-03-10,Customer_543,Smartwatch,Electronics,63857
3923,2026-02-28,Customer_394,Camera,Electronics,14650
3924,2026-01-08,Customer_181,Speaker,Electronics,91697
3925,2026-02-05,Customer_712,Camera,Electronics,76036
3926,2026-02-08,Customer_89,Tablet,electronics,69501
3927,2026-04-28,Customer_359,Smartwatch,Electronics,61041
3928,2026-02-19,Customer_759,Speaker,Electronics,25513
3929,2026-01-02,Customer_30,Laptop,Electronics,88982
3930,2026-01-03,Customer_284,Mobile,Electronics,90734
3931,2026-02-19,Customer_368,Speaker,Electronics,71285rs
3932,2026-03-14,Customer_464,Smartwatch,Electronics,78750
3933,2026-01-30,Customer_201,Laptop,Electronics,20721
3934,2026-01-11,Customer_301,Laptop,Electronics,32723
3935,2026-02-03,Customer_157,,Electronics,N/A
3936,2026-02-23,Customer_455,Speaker,Electronics,10976rs
3937,2026-01-19,Customer_157,Speaker,Electronics,N/A
3938,2026-02-27,Customer_533,Mobile,Electronics,90806
3939,2026-01-12,Customer_44,Mobile,Electronics,71711
3940,2026-04-01,Customer_445,Headphones,Electronics,75488
3941,2026-02-14,Customer_561,Laptop,Electronics,95379
3942,2026-02-21,Customer_787,Headphones,Electronics,42880
3943,2026-02-16,Customer_215,Camera,Electronics,81494
3944,2026-04-06,Customer_427,Speaker,Electronics,23666
3945,2026-03-20,Customer_136,Mobile,Electronics,90891
3946,2026-05-01,Customer_167,Laptop,electronics,87079
3947,2026-01-31,Customer_524,Tablet,Electronics,64310
3948,2026-03-17,Customer_159,Laptop,Electronics,21906
3949,2026-01-07,Customer_34,Headphones,Electronics,81062
3950,2026-04-20,Customer_759,Camera,Electronics,77811
3951,2026-03-26,Customer_314,Tablet,Electronics,14504
3952,2026-02-21,Customer_625,Speaker,Electronics,24097rs
3953,2026-03-30,Customer_681,Camera,Electronics,92055
3954,2026-01-23,Customer_783,Tablet,Electronics,10487
3955,2026-01-06,Customer_79,Laptop,Electronics,3762
3956,2026-01-16,Customer_228,Tablet,Electronics,N/A
3957,2026-02-21,,Tablet,Electronics,22047
3958,2026-04-08,Customer_601,Headphones,Electronics,74561
3959,2026-04-04,Customer_638,Speaker,Electronics,12270
3960,2026-03-06,Customer_788,Smartwatch,Electronics,3715
3961,2026-04-10,Customer_17,Camera,Electronics,90222
3962,2026-04-05,Customer_182,Camera,Electronics,5306
3963,2026-04-09,Customer_472,Laptop,Electronics,74081
3964,2026-01-12,Customer_546,Headphones,Electronics,48441
3965,2026-03-29,Customer_774,Laptop,electronics,16575
3966,2026-04-10,Customer_563,Mobile,Electronics,31259
3967,2026-01-01,Customer_260,Headphones,Electronics,60214
3968,2026-01-01,Customer_400,Tablet,Electronics,82650
3969,2026-02-10,Customer_300,Speaker,Electronics,26423
3970,2026-04-22,Customer_425,Tablet,Electronics,62114
3971,2026-04-10,Customer_461,Speaker,Electronics,64298
3972,2026-03-13,Customer_210,Laptop,Electronics,64159
3973,2026-04-30,,Laptop,Electronics,66936
3974,2026-01-28,Customer_125,Tablet,electronics,57232
3975,2026-03-14,Customer_385,Camera,Electronics,16763
3976,2026-02-28,Customer_196,Laptop,Electronics,56404
3977,2026-03-30,Customer_218,Smartwatch,Electronics,64618
3978,2026-04-25,Customer_425,Laptop,Electronics,93375
3979,2026-04-10,Customer_646,Laptop,Electronics,74316
3980,2026-03-09,,Headphones,Electronics,30250
3981,2026-03-16,Customer_462,Laptop,Electronics,69896
3982,2026-04-10,Customer_747,Laptop,Electronics,71672
3983,2026-02-10,Customer_594,Mobile,Electronics,54360
3984,2026-04-17,Customer_742,Smartwatch,Electronics,8231
3985,2026-01-12,Customer_581,Smartwatch,Electronics,22958rs
3986,2026-03-18,Customer_670,Speaker,Electronics,17030
3987,2026-02-12,Customer_353,Laptop,Electronics,85257
3988,2026-01-08,Customer_466,Camera,Electronics,55851
3989,2026-01-16,Customer_66,Mobile,Electronics,N/A
3990,2026-02-05,Customer_157,Tablet,Electronics,27042
3991,2026-03-21,Customer_326,Mobile,Electronics,N/Ars
3992,2026-03-10,Customer_144,Laptop,Electronics,N/A
3993,2026-01-22,Customer_375,Speaker,Electronics,94078
3994,2026-02-10,Customer_631,Laptop,Electronics,63858
3995,2026-04-04,Customer_540,Tablet,Electronics,48568
3996,2026-01-22,Customer_580,Laptop,Electronics,59884
3997,2026-04-13,Customer_696,Speaker,Electronics,18719
3998,2026-02-18,Customer_66,Mobile,Electronics,20219
3999,2026-04-26,Customer_771,Speaker,Electronics,54178
4000,2026-03-02,Customer_31,Mobile,Electronics,40660
4001,2026-01-22,Customer_235,Mobile,Electronics,43748
4002,2026-04-01,Customer_307,Camera,Electronics,61986
4003,2026-03-12,Customer_92,Headphones,Electronics,9209
4004,2026-02-22,Customer_163,Speaker,electronics,30307
4005,2026-04-24,Customer_211,Camera,Electronics,41294
4006,2026-01-13,Customer_789,Laptop,Electronics,60737rs
4007,2026-02-28,Customer_445,Headphones,Electronics,79521
4008,2026-01-20,Customer_448,Laptop,Electronics,47879
4009,2026-03-21,Customer_610,Speaker,Electronics,19510rs
4010,2026-02-04,Customer_434,Mobile,Electronics,29170
4011,2026-01-20,Customer_154,Headphones,Electronics,12896
4012,2026-02-23,Customer_192,Mobile,Electronics,91122
4013,2026-03-03,Customer_259,,Electronics,23488
4014,2026-01-07,Customer_326,Smartwatch,Electronics,58566rs
4015,2026-02-04,Customer_136,Laptop,Electronics,82138
4016,2026-03-03,Customer_652,Speaker,Electronics,39773
4017,2026-02-18,Customer_114,Headphones,Electronics,N/A
4018,2026-04-22,,Speaker,Electronics,68220rs
4019,2026-04-22,Customer_477,,Electronics,92422
4020,2026-03-23,Customer_573,Camera,Electronics,56934
4021,2026-04-01,Customer_284,,Electronics,56835
4022,2026-03-03,Customer_480,Laptop,Electronics,18567
4023,2026-02-06,Customer_713,Laptop,Electronics,33031
4024,2026-01-07,Customer_792,Tablet,Electronics,20825
4025,2026-02-17,Customer_140,Speaker,Electronics,N/A
4026,2026-03-28,Customer_313,Headphones,Electronics,81626
4027,2026-03-23,Customer_683,Tablet,Electronics,25689
4028,2026-03-23,Customer_461,Smartwatch,Electronics,10448
4029,2026-02-19,Customer_315,Mobile,electronics,98604
4030,2026-04-10,Customer_724,Laptop,Electronics,N/Ars
4031,2026-01-19,Customer_238,Camera,Electronics,91252
4032,2026-04-11,Customer_245,Camera,Electronics,41688
4033,2026-02-07,Customer_218,Headphones,Electronics,58066
4034,2026-01-22,Customer_595,Tablet,Electronics,46110
4035,2026-02-26,Customer_42,Tablet,Electronics,30142
4036,2026-01-11,Customer_55,Speaker,Electronics,95535
4037,2026-03-21,Customer_639,Smartwatch,Electronics,59538
4038,2026-01-04,Customer_737,Tablet,Electronics,25434
4039,2026-01-19,Customer_667,,Electronics,54896
4040,2026-03-17,Customer_773,Camera,Electronics,52957
4041,2026-01-06,Customer_70,Speaker,Electronics,28407
4042,2026-01-21,,Camera,Electronics,42749
4043,2026-03-07,,Mobile,Electronics,37968
4044,2026-01-09,Customer_424,,Electronics,18749
4045,2026-03-09,Customer_541,Smartwatch,Electronics,9282
4046,2026-04-07,Customer_498,,Electronics,34127
4047,2026-01-29,Customer_381,Camera,Electronics,14961
4048,2026-01-22,Customer_281,Headphones,Electronics,81320
4049,2026-02-04,Customer_605,Laptop,Electronics,75739
4050,2026-02-13,Customer_9,,Electronics,68411
4051,2026-01-18,Customer_642,Tablet,Electronics,41466
4052,2026-05-01,Customer_429,,Electronics,23734
4053,2026-03-07,Customer_606,Laptop,Electronics,N/A
4054,2026-02-20,Customer_72,Camera,Electronics,22507rs
4055,2026-03-10,Customer_328,Smartwatch,Electronics,46562
4056,2026-03-21,Customer_125,Laptop,Electronics,82245
4057,2026-04-12,Customer_330,Headphones,Electronics,13265
4058,2026-02-08,Customer_638,Speaker,Electronics,12601
4059,2026-02-24,Customer_481,Camera,Electronics,88584
4060,2026-01-07,Customer_171,Smartwatch,Electronics,70061
4061,2026-04-27,Customer_493,Camera,Electronics,59140
4062,2026-01-31,Customer_31,Tablet,Electronics,5359
4063,2026-04-06,Customer_308,Speaker,Electronics,28484
4064,2026-02-02,Customer_582,Mobile,Electronics,52553
4065,2026-02-20,Customer_563,Headphones,Electronics,14313
4066,2026-03-25,Customer_160,Tablet,Electronics,34158
4067,2026-02-25,Customer_509,Tablet,Electronics,25111
4068,2026-03-13,Customer_427,Headphones,Electronics,43928
4069,2026-04-05,Customer_635,Tablet,Electronics,92244
4070,2026-04-25,Customer_476,Speaker,Electronics,37299
4071,2026-02-04,Customer_278,Laptop,Electronics,88261
4072,2026-01-10,Customer_523,Mobile,Electronics,42272
4073,2026-02-09,Customer_195,Tablet,Electronics,48367
4074,2026-04-28,Customer_187,Camera,Electronics,35338rs
4075,2026-03-10,Customer_767,Headphones,Electronics,1368
4076,2026-03-15,Customer_708,Speaker,Electronics,32410
4077,2026-01-19,,,Electronics,59647
4078,2026-04-08,Customer_188,Camera,Electronics,5375
4079,2026-02-06,Customer_702,Tablet,electronics,6899
4080,2026-01-30,Customer_52,Headphones,Electronics,31860
4081,2026-04-03,Customer_757,Laptop,Electronics,27736
4082,2026-04-30,Customer_276,Tablet,Electronics,50559
4083,2026-04-19,Customer_589,,Electronics,58341
4084,2026-04-02,Customer_399,Headphones,Electronics,73559
4085,2026-02-23,Customer_90,Mobile,Electronics,75341
4086,2026-03-14,Customer_180,Smartwatch,Electronics,91399
4087,2026-04-18,,Tablet,Electronics,49482
4088,2026-02-04,Customer_456,Laptop,Electronics,19989
4089,2026-02-11,Customer_686,Mobile,Electronics,95854
4090,2026-05-01,Customer_220,Smartwatch,Electronics,64854
4091,2026-04-29,Customer_475,Smartwatch,Electronics,61937
4092,2026-05-01,Customer_74,Smartwatch,Electronics,N/A
4093,2026-02-03,Customer_208,Speaker,Electronics,81917
4094,2026-02-28,Customer_234,Mobile,Electronics,80157
4095,2026-03-29,Customer_124,,Electronics,86605
4096,2026-01-18,Customer_461,Laptop,Electronics,14678
4097,2026-04-14,Customer_686,Camera,Electronics,89
4098,2026-03-08,Customer_730,Camera,Electronics,46843
4099,2026-04-09,Customer_424,Laptop,Electronics,60663
4100,2026-04-08,Customer_378,Headphones,Electronics,84690
4101,2026-01-16,Customer_173,Mobile,Electronics,79279
4102,2026-03-22,,Mobile,electronics,94554
4103,2026-02-14,Customer_155,Speaker,Electronics,98213
4104,2026-01-14,Customer_795,Speaker,Electronics,46838
4105,2026-01-28,Customer_180,Laptop,Electronics,72226
4106,2026-01-23,Customer_217,Headphones,Electronics,72701rs
4107,2026-04-04,Customer_25,Headphones,Electronics,21305
4108,2026-01-25,Customer_609,Laptop,Electronics,45578
4109,2026-02-14,Customer_707,Tablet,Electronics,53227
4110,2026-01-05,Customer_180,Mobile,Electronics,70995
4111,2026-02-27,,Camera,Electronics,99652
4112,2026-02-07,,Speaker,Electronics,18191
4113,2026-02-03,Customer_436,Mobile,Electronics,70661
4114,2026-03-27,Customer_233,Tablet,Electronics,4250
4115,2026-01-22,Customer_527,Mobile,Electronics,55236
4116,2026-02-09,Customer_179,Tablet,Electronics,41756
4117,2026-02-03,Customer_60,Tablet,Electronics,31026
4118,2026-01-11,Customer_440,Headphones,Electronics,59769
4119,2026-05-01,Customer_629,Speaker,Electronics,17024
4120,2026-01-19,Customer_30,Camera,Electronics,78552
4121,2026-04-07,Customer_359,Tablet,Electronics,81506
4122,2026-01-28,Customer_215,Laptop,Electronics,34113
4123,2026-01-22,Customer_210,Speaker,Electronics,10991
4124,2026-02-06,Customer_511,Camera,Electronics,53005
4125,2026-04-11,Customer_167,Headphones,Electronics,32054
4126,2026-04-01,Customer_225,Mobile,Electronics,N/A
4127,2026-03-22,Customer_229,Headphones,Electronics,35451
4128,2026-02-08,Customer_286,Headphones,Electronics,94993
4129,2026-01-15,Customer_383,Tablet,Electronics,44246
4130,2026-02-11,Customer_390,Mobile,Electronics,13163
4131,2026-04-05,Customer_735,Headphones,Electronics,79710
4132,2026-03-19,Customer_1,Tablet,Electronics,13700
4133,2026-03-11,Customer_760,,electronics,12930
4134,2026-01-15,Customer_47,Laptop,Electronics,58737
4135,2026-02-04,Customer_687,Headphones,Electronics,N/A
4136,2026-02-24,Customer_583,Laptop,Electronics,36169
4137,2026-03-24,Customer_46,Headphones,Electronics,24584
4138,2026-02-28,Customer_553,Headphones,Electronics,44512
4139,2026-03-10,Customer_202,Speaker,Electronics,68290
4140,2026-03-27,Customer_28,Headphones,Electronics,1910
4141,2026-01-05,Customer_232,Mobile,Electronics,N/A
4142,2026-04-12,Customer_626,Camera,Electronics,52715
4143,2026-01-25,Customer_517,Laptop,Electronics,65031
4144,2026-03-03,Customer_411,Speaker,Electronics,49082
4145,2026-02-16,Customer_703,Laptop,Electronics,21696
4146,2026-02-07,Customer_277,Smartwatch,Electronics,26675
4147,2026-02-14,Customer_504,Mobile,Electronics,47691
4148,2026-03-31,Customer_392,Headphones,Electronics,77580
4149,2026-03-07,Customer_784,Speaker,Electronics,46190
4150,2026-03-28,Customer_19,Mobile,Electronics,96978
4151,2026-02-04,Customer_769,Headphones,electronics,29608
4152,2026-03-27,Customer_457,Laptop,Electronics,10065
4153,2026-04-17,Customer_734,Camera,Electronics,58900
4154,2026-03-05,Customer_133,Mobile,Electronics,38653
4155,2026-03-07,Customer_482,Tablet,Electronics,66209
4156,2026-03-29,Customer_501,Tablet,Electronics,61412
4157,2026-04-27,,Smartwatch,Electronics,74299
4158,2026-02-11,Customer_276,Headphones,Electronics,47557
4159,2026-03-16,Customer_463,Tablet,Electronics,98478
4160,2026-02-19,Customer_383,Mobile,Electronics,61667
4161,2026-01-10,Customer_595,Smartwatch,Electronics,294
4162,2026-02-12,Customer_506,Laptop,Electronics,N/A
4163,2026-04-17,Customer_47,Camera,Electronics,73112
4164,2026-03-24,Customer_244,Smartwatch,Electronics,N/A
4165,2026-04-06,Customer_346,Headphones,Electronics,2506
4166,2026-02-04,Customer_678,Smartwatch,electronics,16966
4167,2026-03-20,Customer_703,Headphones,Electronics,71881
4168,2026-04-17,Customer_480,Speaker,Electronics,99711
4169,2026-01-19,,Tablet,Electronics,57453
4170,2026-04-23,Customer_292,Headphones,Electronics,70279
4171,2026-02-15,Customer_264,Headphones,Electronics,40822
4172,2026-01-07,Customer_77,Tablet,Electronics,77988
4173,2026-03-18,Customer_726,,Electronics,32837
4174,2026-04-18,Customer_625,Mobile,Electronics,27818rs
4175,2026-03-29,Customer_787,Tablet,Electronics,77479
4176,2026-04-06,Customer_91,Speaker,electronics,16689
4177,2026-01-17,Customer_3,Tablet,Electronics,46584
4178,2026-02-23,Customer_700,Headphones,Electronics,43655
4179,2026-01-25,Customer_147,Mobile,Electronics,8436
4180,2026-04-20,Customer_217,Headphones,Electronics,43909
4181,2026-01-01,Customer_590,Camera,Electronics,N/A
4182,2026-02-28,Customer_535,Tablet,Electronics,99977
4183,2026-01-08,Customer_789,Headphones,Electronics,35515
4184,2026-04-25,Customer_521,Smartwatch,Electronics,54863
4185,2026-02-18,Customer_269,Tablet,Electronics,66082
4186,2026-03-21,Customer_47,Headphones,Electronics,29329
4187,2026-02-22,Customer_610,Speaker,Electronics,12521
4188,2026-03-29,Customer_119,Speaker,Electronics,958
4189,2026-03-08,Customer_417,Smartwatch,electronics,73192
4190,2026-03-12,Customer_771,Mobile,Electronics,N/A
4191,2026-01-08,Customer_536,Speaker,electronics,8431
4192,2026-04-20,Customer_236,Laptop,Electronics,78807
4193,2026-04-08,Customer_447,Camera,Electronics,50019
4194,2026-03-19,Customer_30,Headphones,Electronics,16221
4195,2026-02-11,,Tablet,Electronics,44932
4196,2026-02-27,Customer_742,Speaker,Electronics,72356
4197,2026-03-07,Customer_237,Tablet,Electronics,N/A
4198,2026-03-17,Customer_66,Laptop,Electronics,22328
4199,2026-01-01,Customer_572,Speaker,Electronics,N/A
4200,2026-02-11,Customer_536,Smartwatch,Electronics,93483
4201,2026-01-21,Customer_431,Speaker,Electronics,2999
4202,2026-02-02,Customer_173,Camera,Electronics,72193
4203,2026-03-18,Customer_261,Tablet,Electronics,47121rs
4204,2026-03-19,Customer_631,Camera,electronics,86440
4205,2026-02-05,Customer_65,Laptop,Electronics,N/A
4206,2026-03-21,Customer_240,Camera,Electronics,50111
4207,2026-02-09,Customer_1,Speaker,Electronics,92961
4208,2026-04-30,Customer_154,Smartwatch,Electronics,66391
4209,2026-04-17,Customer_66,Mobile,Electronics,77168
4210,2026-01-30,Customer_245,Smartwatch,Electronics,35080
4211,2026-03-04,Customer_392,Mobile,Electronics,79792
4212,2026-03-01,Customer_247,Speaker,Electronics,23050
4213,2026-01-30,Customer_767,Tablet,Electronics,18830
4214,2026-02-08,,Camera,Electronics,15852
4215,2026-01-05,Customer_345,Mobile,Electronics,94086
4216,2026-01-11,Customer_52,Tablet,Electronics,93997
4217,2026-04-06,Customer_224,Speaker,Electronics,82379
4218,2026-04-23,Customer_699,Speaker,Electronics,94448
4219,2026-04-21,Customer_419,Laptop,Electronics,5718
4220,2026-01-22,Customer_483,Laptop,electronics,70820
4221,2026-01-26,Customer_664,Tablet,Electronics,10032
4222,2026-02-01,Customer_91,Mobile,Electronics,213
4223,2026-04-05,Customer_107,Headphones,Electronics,98265rs
4224,2026-01-22,Customer_685,Smartwatch,Electronics,94561
4225,2026-03-15,,Laptop,Electronics,63017
4226,2026-01-04,Customer_335,Headphones,Electronics,9528
4227,2026-01-26,,Mobile,Electronics,96041
4228,2026-03-10,Customer_409,Tablet,Electronics,25749
4229,2026-03-01,Customer_744,Tablet,Electronics,58611
4230,2026-03-26,Customer_498,Laptop,Electronics,40859
4231,2026-03-15,Customer_45,Laptop,Electronics,68878
4232,2026-01-17,Customer_103,Tablet,Electronics,18048
4233,2026-03-09,Customer_414,Tablet,Electronics,99753
4234,2026-04-15,Customer_524,Smartwatch,Electronics,59011
4235,2026-03-29,Customer_401,Tablet,Electronics,41598
4236,2026-01-10,Customer_52,Speaker,Electronics,76230
4237,2026-03-17,,Tablet,Electronics,7420
4238,2026-04-02,Customer_247,Camera,Electronics,69430
4239,2026-01-22,Customer_102,Camera,Electronics,59019
4240,2026-03-11,Customer_470,Tablet,Electronics,57730
4241,2026-03-16,Customer_233,Laptop,Electronics,31056
4242,2026-03-25,Customer_486,Headphones,Electronics,53677
4243,2026-04-27,Customer_697,Smartwatch,Electronics,6357
4244,2026-04-01,Customer_74,Smartwatch,electronics,92072
4245,2026-02-13,Customer_519,Headphones,Electronics,2618
4246,2026-03-26,Customer_68,Tablet,Electronics,17436
4247,2026-04-07,Customer_674,Speaker,Electronics,42341
4248,2026-03-18,Customer_253,Headphones,Electronics,47924
4249,2026-03-02,Customer_320,Mobile,Electronics,16660
4250,2026-03-19,Customer_517,Smartwatch,Electronics,95896rs
4251,2026-04-21,Customer_514,Camera,Electronics,21388
4252,2026-04-29,Customer_1,Smartwatch,Electronics,81866
4253,2026-04-13,Customer_579,Tablet,Electronics,41401
4254,2026-05-01,Customer_766,Laptop,Electronics,15944rs
4255,2026-04-04,Customer_92,Headphones,Electronics,22909
4256,2026-04-10,Customer_728,Headphones,Electronics,93186
4257,2026-02-12,Customer_530,Headphones,Electronics,36256
4258,2026-04-27,Customer_619,Laptop,Electronics,38879
4259,2026-02-09,,Tablet,Electronics,95001
4260,2026-03-28,,Speaker,Electronics,51018
4261,2026-01-24,Customer_615,Tablet,Electronics,14657
4262,2026-01-31,Customer_514,Laptop,Electronics,21097
4263,2026-01-24,Customer_147,Mobile,Electronics,25585
4264,2026-02-16,Customer_23,Headphones,Electronics,51100
4265,2026-01-17,Customer_142,Laptop,Electronics,67824
4266,2026-01-25,Customer_21,Tablet,electronics,86130
4267,2026-04-07,Customer_318,Mobile,Electronics,34177
4268,2026-04-04,Customer_298,Mobile,Electronics,84054
4269,2026-01-24,Customer_549,Tablet,electronics,95686
4270,2026-01-10,,Camera,Electronics,57706
4271,2026-03-04,Customer_695,Laptop,Electronics,85332
4272,2026-01-15,Customer_692,Tablet,Electronics,93346
4273,2026-02-10,Customer_753,Tablet,Electronics,52373
4274,2026-04-15,Customer_342,Smartwatch,Electronics,N/A
4275,2026-02-01,Customer_384,Speaker,Electronics,27753
4276,2026-04-07,Customer_472,,Electronics,19457
4277,2026-02-11,Customer_706,Headphones,Electronics,54157rs
4278,2026-01-06,Customer_659,,Electronics,23751
4279,2026-01-15,Customer_798,Camera,electronics,42931
4280,2026-04-29,Customer_330,Laptop,Electronics,30507
4281,2026-01-12,Customer_463,,electronics,62274
4282,2026-02-23,Customer_278,Speaker,Electronics,69481
4283,2026-01-23,Customer_471,Tablet,Electronics,82248
4284,2026-01-18,Customer_350,Mobile,Electronics,8422rs
4285,2026-03-25,Customer_412,Camera,Electronics,14425
4286,2026-02-21,Customer_315,Tablet,Electronics,88855
4287,2026-02-11,Customer_189,Headphones,Electronics,39126
4288,2026-04-02,Customer_218,Tablet,Electronics,22888rs
4289,2026-03-16,Customer_674,Camera,Electronics,80178
4290,2026-03-18,Customer_304,Mobile,Electronics,10328
4291,2026-02-14,Customer_478,Camera,Electronics,26409
4292,2026-02-23,Customer_776,Laptop,Electronics,95855
4293,2026-04-21,Customer_730,,electronics,36889
4294,2026-01-10,Customer_192,Tablet,Electronics,97078
4295,2026-01-06,Customer_376,Laptop,Electronics,50244
4296,2026-04-27,Customer_188,Laptop,Electronics,5126
4297,2026-04-07,Customer_459,Mobile,Electronics,98254
4298,2026-01-22,Customer_753,Camera,Electronics,49668
4299,2026-01-04,Customer_515,,Electronics,28393
4300,2026-04-01,Customer_215,Speaker,Electronics,95580
4301,2026-01-27,Customer_354,Headphones,Electronics,94864
4302,2026-03-29,,Laptop,Electronics,52960
4303,2026-03-30,Customer_117,Smartwatch,Electronics,14897
4304,2026-01-12,Customer_278,Headphones,Electronics,9674rs
4305,2026-04-01,Customer_455,Headphones,Electronics,39601
4306,2026-04-15,Customer_120,Smartwatch,Electronics,8600
4307,2026-01-03,Customer_3,Speaker,Electronics,25591
4308,2026-04-19,Customer_21,Speaker,Electronics,78337
4309,2026-01-27,Customer_443,Mobile,Electronics,81384
4310,2026-03-08,Customer_507,Smartwatch,Electronics,88185
4311,2026-02-15,Customer_374,Smartwatch,Electronics,N/A
4312,2026-03-06,Customer_422,Smartwatch,Electronics,27920
4313,2026-01-09,Customer_23,Camera,Electronics,8967
4314,2026-02-27,Customer_329,Headphones,Electronics,85305
4315,2026-01-05,Customer_183,Smartwatch,Electronics,60204
4316,2026-01-20,,Camera,Electronics,88379
4317,2026-03-08,Customer_340,Laptop,Electronics,90664
4318,2026-01-15,Customer_678,,Electronics,18988
4319,2026-04-01,Customer_722,Smartwatch,Electronics,63309
4320,2026-01-29,Customer_186,Camera,Electronics,7213
4321,2026-03-31,Customer_643,,Electronics,58806
4322,2026-03-18,Customer_22,Headphones,Electronics,24680
4323,2026-02-01,Customer_663,Laptop,Electronics,30362
4324,2026-04-24,Customer_322,Camera,Electronics,25327
4325,2026-01-16,Customer_648,Tablet,Electronics,4608
4326,2026-03-28,Customer_234,Mobile,Electronics,10187
4327,2026-03-18,Customer_608,Smartwatch,Electronics,81543
4328,2026-01-07,Customer_221,,Electronics,56301
4329,2026-01-17,Customer_636,Laptop,Electronics,48949
4330,2026-01-07,Customer_281,Speaker,electronics,68071
4331,2026-04-27,Customer_597,Headphones,Electronics,1174
4332,2026-02-06,Customer_530,Tablet,Electronics,97985
4333,2026-01-02,Customer_92,,Electronics,68701
4334,2026-02-11,Customer_625,Smartwatch,Electronics,52637
4335,2026-04-30,Customer_324,Headphones,Electronics,30336
4336,2026-02-18,,Headphones,electronics,79607
4337,2026-02-10,Customer_486,Headphones,Electronics,N/A
4338,2026-01-25,Customer_498,Headphones,electronics,29051
4339,2026-01-06,Customer_366,Smartwatch,electronics,4391
4340,2026-02-25,Customer_279,Mobile,Electronics,71810
4341,2026-01-22,Customer_488,Smartwatch,Electronics,9554
4342,2026-03-08,Customer_84,Camera,Electronics,N/A
4343,2026-01-18,Customer_744,Laptop,electronics,13321
4344,2026-01-11,Customer_205,Camera,Electronics,37338
4345,2026-04-18,Customer_481,Mobile,Electronics,51079
4346,2026-03-29,Customer_414,Laptop,Electronics,43763
4347,2026-04-15,Customer_716,Mobile,Electronics,67540
4348,2026-01-11,Customer_353,Mobile,Electronics,61587
4349,2026-01-27,Customer_722,Laptop,Electronics,15664
4350,2026-01-24,Customer_308,Tablet,Electronics,7936
4351,2026-03-25,Customer_228,Speaker,Electronics,43932
4352,2026-04-10,Customer_251,Smartwatch,Electronics,89970
4353,2026-01-07,Customer_114,Smartwatch,Electronics,56774
4354,2026-04-02,Customer_667,Camera,Electronics,41764
4355,2026-01-21,Customer_628,Smartwatch,Electronics,20485
4356,2026-02-04,Customer_463,Tablet,Electronics,29519
4357,2026-01-06,Customer_55,Headphones,Electronics,52874
4358,2026-02-20,Customer_45,Headphones,Electronics,70712
4359,2026-04-03,Customer_706,Smartwatch,Electronics,64222
4360,2026-01-21,Customer_88,Tablet,Electronics,62623
4361,2026-02-08,Customer_770,Speaker,Electronics,45021
4362,2026-04-07,Customer_454,Tablet,Electronics,25362rs
4363,2026-03-20,Customer_319,Headphones,Electronics,34396
4364,2026-03-01,Customer_387,Camera,Electronics,20664
4365,2026-02-11,,Mobile,Electronics,84298
4366,2026-01-29,Customer_27,Tablet,Electronics,34653
4367,2026-02-01,Customer_320,Mobile,Electronics,70756
4368,2026-03-27,,Headphones,Electronics,1473rs
4369,2026-02-05,Customer_418,Camera,Electronics,40383
4370,2026-01-15,Customer_721,Laptop,Electronics,1662
4371,2026-01-05,Customer_126,Camera,Electronics,94812
4372,2026-01-04,Customer_594,Headphones,Electronics,N/A
4373,2026-02-03,Customer_213,Laptop,Electronics,98094
4374,2026-04-14,Customer_520,Speaker,Electronics,1287
4375,2026-01-14,Customer_502,Headphones,Electronics,18854
4376,2026-03-06,Customer_36,Laptop,Electronics,30239
4377,2026-04-16,,Speaker,Electronics,66173
4378,2026-01-13,Customer_380,Laptop,Electronics,83342
4379,2026-04-16,Customer_625,Camera,Electronics,38462
4380,2026-04-20,Customer_652,Laptop,Electronics,45161
4381,2026-02-03,Customer_126,Headphones,Electronics,78593
4382,2026-01-20,Customer_513,Speaker,Electronics,881
4383,2026-03-15,Customer_20,Speaker,electronics,36556
4384,2026-02-12,,Mobile,Electronics,36557
4385,2026-02-02,Customer_128,Tablet,Electronics,65567
4386,2026-03-16,Customer_543,Camera,Electronics,11746
4387,2026-02-16,Customer_190,Smartwatch,Electronics,74727
4388,2026-04-02,Customer_188,Laptop,Electronics,6917
4389,2026-02-23,Customer_53,Tablet,Electronics,37189
4390,2026-03-17,Customer_533,Tablet,Electronics,41652
4391,2026-01-16,Customer_415,Mobile,Electronics,11176
4392,2026-03-15,Customer_287,,Electronics,2369
4393,2026-01-16,Customer_51,Smartwatch,Electronics,N/A
4394,2026-03-26,Customer_360,Tablet,Electronics,8039
4395,2026-02-04,Customer_10,Laptop,Electronics,87822
4396,2026-02-11,Customer_321,Mobile,Electronics,82387
4397,2026-04-24,Customer_195,Laptop,Electronics,35748rs
4398,2026-04-17,Customer_54,Smartwatch,Electronics,56781
4399,2026-03-28,Customer_314,,Electronics,57099
4400,2026-03-30,Customer_699,Mobile,Electronics,17729
4401,2026-03-07,Customer_492,Mobile,Electronics,11523
4402,2026-04-09,Customer_23,Laptop,electronics,N/A
4403,2026-01-03,Customer_523,Tablet,Electronics,6713
4404,2026-01-22,Customer_781,Camera,Electronics,79642
4405,2026-02-27,Customer_94,Mobile,Electronics,41039
4406,2026-03-11,Customer_230,Mobile,Electronics,13190
4407,2026-03-13,Customer_291,Headphones,Electronics,4052rs
4408,2026-03-24,Customer_660,Headphones,Electronics,13963
4409,2026-02-27,Customer_208,Laptop,Electronics,25381
4410,2026-04-25,Customer_729,Smartwatch,Electronics,14117
4411,2026-02-15,Customer_656,Speaker,Electronics,62441
4412,2026-04-01,Customer_622,Speaker,Electronics,9188
4413,2026-04-10,Customer_583,Tablet,Electronics,88524
4414,2026-02-21,Customer_612,Tablet,Electronics,3999
4415,2026-02-15,Customer_744,Tablet,Electronics,55377
4416,2026-04-04,Customer_593,Camera,Electronics,54852
4417,2026-01-04,Customer_123,Laptop,Electronics,9946
4418,2026-04-23,Customer_182,Camera,Electronics,17444
4419,2026-04-01,Customer_754,Headphones,electronics,N/A
4420,2026-01-02,,Headphones,Electronics,64097
4421,2026-02-05,Customer_615,Mobile,Electronics,60079rs
4422,2026-03-05,Customer_248,Smartwatch,Electronics,86769
4423,2026-02-21,Customer_507,Headphones,Electronics,58610
4424,2026-03-16,Customer_615,Mobile,Electronics,17987
4425,2026-02-27,Customer_351,Camera,Electronics,42123
4426,2026-01-22,Customer_459,Laptop,electronics,86557rs
4427,2026-02-22,Customer_559,Headphones,Electronics,45728
4428,2026-03-27,Customer_260,Mobile,Electronics,11565
4429,2026-01-13,Customer_730,Mobile,Electronics,84017
4430,2026-01-02,Customer_605,Camera,Electronics,93149
4431,2026-01-23,Customer_225,Mobile,Electronics,48729
4432,2026-04-14,Customer_84,Tablet,Electronics,57017
4433,2026-04-09,Customer_642,Mobile,Electronics,21722
4434,2026-04-14,Customer_524,Tablet,Electronics,52598
4435,2026-02-23,Customer_503,Laptop,Electronics,72937
4436,2026-04-25,Customer_786,Camera,electronics,46707
4437,2026-03-27,Customer_742,Laptop,Electronics,28056
4438,2026-03-27,Customer_136,Speaker,Electronics,29236
4439,2026-01-06,Customer_673,Tablet,Electronics,25499
4440,2026-03-13,Customer_140,Speaker,Electronics,16749
4441,2026-01-31,Customer_246,Headphones,Electronics,11843rs
4442,2026-04-17,Customer_703,Laptop,Electronics,N/A
4443,2026-02-09,Customer_313,Headphones,Electronics,6167
4444,2026-04-13,Customer_577,Mobile,Electronics,8446
4445,2026-04-24,Customer_419,Smartwatch,Electronics,N/A
4446,2026-01-17,Customer_174,Laptop,Electronics,14450
4447,2026-03-26,Customer_400,Tablet,Electronics,65169
4448,2026-02-10,Customer_408,Speaker,Electronics,77332
4449,2026-02-03,Customer_45,Tablet,Electronics,29682
4450,2026-01-02,Customer_30,Mobile,Electronics,30876
4451,2026-01-18,Customer_387,Speaker,Electronics,2499
4452,2026-04-30,Customer_304,Smartwatch,electronics,71996
4453,2026-04-12,Customer_333,Tablet,Electronics,26898
4454,2026-04-24,Customer_787,Tablet,Electronics,66963
4455,2026-04-15,Customer_766,Headphones,Electronics,3811
4456,2026-02-13,Customer_395,Laptop,Electronics,40254
4457,2026-03-08,Customer_287,,Electronics,93629
4458,2026-04-17,Customer_222,Smartwatch,Electronics,78395
4459,2026-04-03,,,Electronics,44422
4460,2026-03-24,Customer_41,Speaker,Electronics,83128
4461,2026-02-04,Customer_721,,Electronics,4824
4462,2026-04-16,Customer_644,Smartwatch,Electronics,44336rs
4463,2026-04-29,Customer_242,Tablet,Electronics,43070
4464,2026-04-10,Customer_493,Smartwatch,Electronics,73491rs
4465,2026-02-25,Customer_602,Smartwatch,Electronics,79414
4466,2026-04-29,Customer_378,Mobile,Electronics,72715
4467,2026-02-07,Customer_196,Headphones,Electronics,77870
4468,2026-01-12,Customer_536,Smartwatch,Electronics,52806rs
4469,2026-03-06,Customer_313,Smartwatch,Electronics,96542
4470,2026-01-29,Customer_622,Speaker,Electronics,19902
4471,2026-01-06,Customer_27,Headphones,Electronics,15656
4472,2026-02-09,Customer_798,,Electronics,2842
4473,2026-04-21,Customer_397,Mobile,Electronics,34954
4474,2026-02-03,Customer_211,Laptop,Electronics,21479
4475,2026-01-03,Customer_229,Tablet,Electronics,92357
4476,2026-04-30,Customer_87,Speaker,Electronics,43287
4477,2026-01-14,Customer_259,Headphones,Electronics,69032
4478,2026-02-18,Customer_96,Speaker,Electronics,19949
4479,2026-04-11,Customer_714,Mobile,Electronics,41840
4480,2026-03-09,Customer_20,Tablet,Electronics,82354
4481,2026-04-04,Customer_573,Smartwatch,Electronics,87400
4482,2026-03-01,Customer_324,Headphones,Electronics,5920
4483,2026-02-24,Customer_90,Speaker,Electronics,87070
4484,2026-02-09,Customer_192,Speaker,Electronics,N/A
4485,2026-02-04,Customer_531,Laptop,Electronics,32719
4486,2026-02-14,Customer_659,Camera,Electronics,51515
4487,2026-02-25,,Laptop,Electronics,34256
4488,2026-04-24,Customer_177,Laptop,Electronics,90612
4489,2026-01-28,Customer_17,Headphones,Electronics,19137
4490,2026-04-13,,Smartwatch,Electronics,93836
4491,2026-04-04,Customer_548,Camera,Electronics,27314
4492,2026-02-27,Customer_478,Speaker,Electronics,81975
4493,2026-04-25,Customer_708,Smartwatch,Electronics,50955
4494,2026-04-26,Customer_355,Smartwatch,Electronics,42557
4495,2026-02-25,Customer_582,Speaker,Electronics,27700
4496,2026-01-09,Customer_746,Headphones,Electronics,5909
4497,2026-01-02,Customer_639,Tablet,Electronics,5909
4498,2026-03-23,Customer_447,Headphones,Electronics,92901
4499,2026-04-13,Customer_82,Mobile,Electronics,94632
4500,2026-01-03,Customer_684,Laptop,Electronics,73156
4501,2026-04-27,Customer_104,Tablet,Electronics,97055
4502,2026-04-16,Customer_359,Tablet,Electronics,55168
4503,2026-04-24,Customer_206,,Electronics,46766
4504,2026-02-24,Customer_376,Camera,Electronics,17480
4505,2026-01-11,Customer_799,Speaker,Electronics,93181
4506,2026-02-23,Customer_452,Smartwatch,Electronics,70766
4507,2026-01-19,Customer_242,Tablet,Electronics,3025rs
4508,2026-01-12,Customer_9,Laptop,Electronics,19524
4509,2026-04-29,Customer_408,Camera,Electronics,N/A
4510,2026-02-20,Customer_231,Camera,Electronics,58751
4511,2026-02-03,Customer_517,Speaker,Electronics,98243
4512,2026-04-13,Customer_310,Tablet,Electronics,63967
4513,2026-02-09,Customer_637,Tablet,Electronics,2272
4514,2026-04-27,Customer_342,Speaker,Electronics,40520
4515,2026-03-14,Customer_417,Speaker,Electronics,18533
4516,2026-04-29,Customer_137,Smartwatch,Electronics,32290
4517,2026-01-20,Customer_596,Mobile,Electronics,88136
4518,2026-03-25,Customer_17,Mobile,Electronics,2367
4519,2026-04-01,Customer_140,Laptop,Electronics,67130
4520,2026-01-07,Customer_65,Camera,Electronics,63441
4521,2026-01-18,Customer_104,Camera,Electronics,17549
4522,2026-01-25,Customer_232,Smartwatch,Electronics,6868
4523,2026-04-01,Customer_176,Smartwatch,electronics,11268
4524,2026-02-24,Customer_740,,Electronics,2455
4525,2026-02-19,,Camera,Electronics,36458
4526,2026-02-04,Customer_529,Headphones,Electronics,33185
4527,2026-03-02,Customer_701,Smartwatch,Electronics,98251
4528,2026-02-18,Customer_289,Speaker,Electronics,97806
4529,2026-02-10,Customer_664,Headphones,Electronics,15895
4530,2026-01-13,Customer_570,Speaker,Electronics,23210
4531,2026-01-06,Customer_205,Mobile,electronics,98088
4532,2026-04-06,Customer_29,,electronics,48681
4533,2026-04-26,Customer_580,Speaker,Electronics,14294
4534,2026-02-14,Customer_555,,Electronics,52002
4535,2026-02-21,Customer_329,Laptop,Electronics,22986
4536,2026-01-09,Customer_760,Speaker,Electronics,68767
4537,2026-04-30,Customer_382,Camera,Electronics,82633
4538,2026-02-19,Customer_325,Tablet,Electronics,68651
4539,2026-03-07,Customer_358,Mobile,Electronics,31875
4540,2026-04-18,Customer_457,Headphones,Electronics,N/A
4541,2026-03-29,Customer_748,Laptop,Electronics,43854
4542,2026-01-16,Customer_164,Headphones,Electronics,80219
4543,2026-01-04,Customer_419,Tablet,Electronics,39383
4544,2026-01-24,Customer_206,Smartwatch,Electronics,15741
4545,2026-04-11,Customer_350,Laptop,Electronics,97356
4546,2026-02-22,Customer_386,Camera,Electronics,N/A
4547,2026-04-02,Customer_197,Speaker,Electronics,47086
4548,2026-04-28,Customer_119,Laptop,Electronics,83965
4549,2026-04-17,Customer_90,Camera,Electronics,13167
4550,2026-03-18,Customer_79,Mobile,Electronics,82659
4551,2026-01-03,Customer_683,Laptop,Electronics,5112
4552,2026-01-24,Customer_28,Headphones,Electronics,40178
4553,2026-01-06,Customer_768,Tablet,Electronics,69861
4554,2026-01-18,Customer_304,Mobile,Electronics,20933
4555,2026-03-21,Customer_65,Speaker,Electronics,67495
4556,2026-03-14,Customer_552,Camera,Electronics,10344
4557,2026-03-07,Customer_123,Speaker,Electronics,28892
4558,2026-02-08,Customer_611,Laptop,Electronics,95068
4559,2026-03-11,Customer_643,Laptop,Electronics,38629rs
4560,2026-03-16,Customer_109,Mobile,Electronics,15244
4561,2026-03-12,Customer_327,Tablet,Electronics,23380
4562,2026-02-19,Customer_137,Mobile,Electronics,62545
4563,2026-04-24,Customer_583,Laptop,Electronics,38325
4564,2026-01-01,Customer_626,Headphones,Electronics,88026
4565,2026-01-10,Customer_4,Camera,Electronics,89588
4566,2026-03-29,Customer_24,Headphones,Electronics,3224
4567,2026-01-11,Customer_108,Mobile,Electronics,38699
4568,2026-03-31,Customer_569,Mobile,electronics,19335
4569,2026-02-10,Customer_691,Camera,Electronics,6383
4570,2026-03-29,Customer_403,Laptop,Electronics,8482
4571,2026-02-24,Customer_608,Tablet,Electronics,44808
4572,2026-03-02,Customer_105,,Electronics,26562
4573,2026-03-20,Customer_774,Camera,Electronics,37320
4574,2026-01-15,,Speaker,Electronics,22910
4575,2026-04-04,,Smartwatch,Electronics,55062
4576,2026-03-24,Customer_425,Smartwatch,Electronics,30877
4577,2026-02-14,Customer_418,Tablet,electronics,59516
4578,2026-02-05,Customer_665,,Electronics,87935
4579,2026-02-14,Customer_360,Tablet,Electronics,54923
4580,2026-03-10,Customer_652,Tablet,Electronics,51113
4581,2026-02-23,Customer_265,Smartwatch,Electronics,68837
4582,2026-04-08,Customer_136,Speaker,Electronics,27556
4583,2026-02-27,Customer_702,Mobile,Electronics,28318
4584,2026-04-04,Customer_778,Laptop,Electronics,64330
4585,2026-01-01,Customer_777,Tablet,Electronics,98998
4586,2026-03-12,Customer_600,Speaker,Electronics,76576
4587,2026-01-28,Customer_398,Speaker,Electronics,86677
4588,2026-01-17,Customer_97,Speaker,Electronics,63477
4589,2026-04-09,Customer_205,Tablet,Electronics,N/A
4590,2026-01-17,Customer_335,Smartwatch,Electronics,N/A
4591,2026-01-29,Customer_336,Speaker,electronics,52199
4592,2026-01-04,Customer_467,Speaker,Electronics,80657
4593,2026-04-08,Customer_502,Laptop,Electronics,35819
4594,2026-04-03,Customer_172,Smartwatch,Electronics,N/A
4595,2026-04-20,,Tablet,Electronics,61778
4596,2026-03-27,Customer_322,Tablet,Electronics,26458
4597,2026-03-31,,Camera,Electronics,84474
4598,2026-03-31,Customer_164,Headphones,Electronics,N/A
4599,2026-03-01,Customer_59,Tablet,Electronics,69838
4600,2026-01-15,Customer_623,Tablet,Electronics,64144rs
4601,2026-03-26,Customer_149,Smartwatch,Electronics,14349
4602,2026-03-28,Customer_780,Speaker,Electronics,33257
4603,2026-03-08,Customer_703,Headphones,Electronics,74733
4604,2026-02-24,Customer_750,Camera,Electronics,N/A
4605,2026-04-18,Customer_112,Tablet,Electronics,73829
4606,2026-01-06,Customer_326,Speaker,Electronics,33561
4607,2026-04-22,Customer_47,Mobile,Electronics,N/A
4608,2026-01-26,Customer_64,Camera,Electronics,59752
4609,2026-01-10,Customer_370,Headphones,Electronics,63517
4610,2026-03-25,Customer_195,Tablet,Electronics,27813
4611,2026-03-18,Customer_196,Smartwatch,Electronics,64795
4612,2026-02-12,Customer_103,Camera,Electronics,54786
4613,2026-03-19,Customer_61,Speaker,Electronics,44992
4614,2026-02-01,Customer_220,Camera,Electronics,14113
4615,2026-03-03,Customer_667,Smartwatch,Electronics,18541rs
4616,2026-02-06,Customer_325,Tablet,Electronics,60923
4617,2026-01-09,Customer_178,Smartwatch,Electronics,63856
4618,2026-01-14,Customer_702,Headphones,Electronics,77003
4619,2026-04-19,Customer_448,Speaker,Electronics,65251
4620,2026-03-19,Customer_212,Laptop,Electronics,71622
4621,2026-04-11,Customer_366,Mobile,Electronics,88794
4622,2026-04-05,Customer_696,Smartwatch,Electronics,26118
4623,2026-02-24,Customer_556,Mobile,Electronics,77179
4624,2026-03-28,Customer_157,Speaker,Electronics,34757
4625,2026-03-08,Customer_306,Smartwatch,Electronics,69092
4626,2026-04-22,Customer_462,Camera,Electronics,19129
4627,2026-04-29,Customer_123,Speaker,Electronics,56392
4628,2026-01-12,Customer_527,Mobile,Electronics,58727
4629,2026-03-02,,Laptop,Electronics,34542
4630,2026-04-29,Customer_703,Speaker,Electronics,55572
4631,2026-01-12,Customer_727,Headphones,Electronics,55092
4632,2026-03-05,Customer_657,Speaker,Electronics,13210
4633,2026-02-04,Customer_37,Speaker,electronics,33890
4634,2026-03-28,Customer_154,Laptop,Electronics,26806
4635,2026-01-23,Customer_444,Headphones,Electronics,24397
4636,2026-04-14,Customer_713,Headphones,Electronics,6078
4637,2026-02-18,Customer_105,Smartwatch,Electronics,75395
4638,2026-04-04,,Headphones,Electronics,30034
4639,2026-04-10,Customer_455,Tablet,Electronics,N/A
4640,2026-01-08,Customer_683,Laptop,Electronics,2136
4641,2026-03-30,Customer_781,Tablet,Electronics,55173rs
4642,2026-02-17,Customer_617,Laptop,Electronics,16596
4643,2026-03-23,Customer_183,Speaker,Electronics,52700
4644,2026-04-13,Customer_387,Headphones,Electronics,60499
4645,2026-04-19,Customer_620,Headphones,Electronics,64261
4646,2026-01-15,Customer_105,,Electronics,43904
4647,2026-01-23,Customer_255,Tablet,Electronics,25058
4648,2026-01-28,Customer_421,Camera,Electronics,50446
4649,2026-01-18,Customer_18,Speaker,Electronics,N/A
4650,2026-01-19,Customer_279,Tablet,Electronics,7563
4651,2026-01-10,Customer_454,Headphones,Electronics,50129
4652,2026-03-27,Customer_500,Mobile,Electronics,57086rs
4653,2026-01-25,Customer_782,Laptop,Electronics,86764
4654,2026-02-26,Customer_116,Mobile,Electronics,96654
4655,2026-01-18,Customer_45,Smartwatch,Electronics,85804
4656,2026-01-01,Customer_365,Headphones,electronics,15108
4657,2026-04-12,Customer_260,Speaker,Electronics,97383
4658,2026-03-20,Customer_789,Speaker,Electronics,95822
4659,2026-02-18,Customer_260,Smartwatch,Electronics,5231
4660,2026-04-04,Customer_613,Laptop,Electronics,10723
4661,2026-03-17,Customer_72,Mobile,Electronics,99893
4662,2026-03-28,Customer_726,Smartwatch,Electronics,70965
4663,2026-01-08,Customer_299,Camera,Electronics,77951
4664,2026-03-11,Customer_238,Smartwatch,Electronics,72525
4665,2026-01-17,Customer_138,Camera,Electronics,N/Ars
4666,2026-03-29,Customer_535,Headphones,Electronics,31201
4667,2026-01-22,Customer_787,Mobile,Electronics,978
4668,2026-01-30,Customer_532,Laptop,Electronics,65137
4669,2026-02-16,Customer_179,Smartwatch,Electronics,81613
4670,2026-03-27,Customer_45,Smartwatch,Electronics,95204
4671,2026-04-06,Customer_487,Smartwatch,Electronics,81696
4672,2026-03-15,Customer_628,Laptop,Electronics,20782
4673,2026-02-26,Customer_562,Laptop,Electronics,31466
4674,2026-01-21,Customer_731,Speaker,Electronics,578
4675,2026-02-26,Customer_787,Mobile,Electronics,66181
4676,2026-01-31,Customer_99,Mobile,Electronics,23638
4677,2026-02-23,Customer_381,Headphones,Electronics,81242
4678,2026-02-03,Customer_404,Mobile,Electronics,60382
4679,2026-02-02,Customer_221,Mobile,Electronics,40209
4680,2026-03-16,Customer_72,,Electronics,5698
4681,2026-03-29,Customer_781,Headphones,Electronics,N/A
4682,2026-04-10,Customer_299,Headphones,Electronics,64576
4683,2026-03-25,Customer_522,Speaker,Electronics,55508
4684,2026-01-08,Customer_294,Camera,Electronics,27185rs
4685,2026-03-17,,Camera,Electronics,43438
4686,2026-03-20,Customer_588,Laptop,Electronics,40923
4687,2026-03-14,Customer_454,,Electronics,54455
4688,2026-01-18,Customer_681,Laptop,Electronics,70601
4689,2026-02-24,Customer_22,,Electronics,69162
4690,2026-01-22,Customer_184,Laptop,Electronics,17534
4691,2026-01-12,Customer_150,Smartwatch,Electronics,45253
4692,2026-03-20,Customer_59,,Electronics,57719
4693,2026-03-17,Customer_779,Tablet,Electronics,83059
4694,2026-04-07,Customer_527,Laptop,Electronics,41347
4695,2026-03-10,Customer_64,Laptop,Electronics,84649
4696,2026-04-24,Customer_56,Camera,Electronics,18922
4697,2026-03-26,Customer_724,Laptop,Electronics,70769
4698,2026-01-08,Customer_657,Laptop,Electronics,32891
4699,2026-01-02,Customer_131,Tablet,Electronics,49268
4700,2026-01-05,Customer_761,Tablet,Electronics,6314
4701,2026-02-23,Customer_502,Speaker,electronics,88293
4702,2026-01-18,Customer_742,Tablet,Electronics,31503
4703,2026-04-29,Customer_392,Smartwatch,Electronics,44186
4704,2026-03-10,,Headphones,Electronics,21839
4705,2026-03-12,Customer_17,Smartwatch,Electronics,92843
4706,2026-03-12,Customer_157,Mobile,Electronics,72318
4707,2026-03-21,Customer_19,Speaker,Electronics,4921
4708,2026-05-01,Customer_579,Laptop,Electronics,53207
4709,2026-01-08,Customer_10,Speaker,electronics,52173
4710,2026-03-30,Customer_650,Speaker,Electronics,35049
4711,2026-01-13,Customer_130,Tablet,Electronics,30773
4712,2026-01-01,Customer_229,Camera,Electronics,41285
4713,2026-01-06,Customer_639,Tablet,Electronics,40256
4714,2026-04-27,Customer_63,Laptop,Electronics,39059
4715,2026-03-06,,Laptop,Electronics,69996
4716,2026-02-21,Customer_62,Tablet,Electronics,33421
4717,2026-02-02,Customer_584,Laptop,Electronics,49440
4718,2026-02-18,Customer_344,Speaker,Electronics,36286
4719,2026-02-03,Customer_290,Headphones,Electronics,82986
4720,2026-02-19,,Smartwatch,electronics,23952
4721,2026-04-05,Customer_546,Speaker,Electronics,41546
4722,2026-01-03,Customer_345,Camera,Electronics,69210
4723,2026-02-19,Customer_485,Laptop,Electronics,N/A
4724,2026-01-24,Customer_756,Headphones,Electronics,17377
4725,2026-01-25,Customer_247,Tablet,Electronics,4800
4726,2026-04-20,Customer_539,Speaker,Electronics,86907
4727,2026-02-27,Customer_473,Speaker,Electronics,29166rs
4728,2026-01-29,Customer_232,Camera,Electronics,98168
4729,2026-02-18,Customer_369,Headphones,Electronics,10000
4730,2026-03-22,Customer_704,Camera,Electronics,92091
4731,2026-03-12,Customer_662,Laptop,electronics,16583
4732,2026-02-02,Customer_145,Speaker,Electronics,5610
4733,2026-01-02,Customer_777,Headphones,Electronics,74437
4734,2026-03-23,Customer_394,Smartwatch,Electronics,14833
4735,2026-04-28,Customer_141,Tablet,Electronics,19717
4736,2026-01-11,Customer_192,Smartwatch,Electronics,20059
4737,2026-01-05,Customer_152,Headphones,Electronics,33931
4738,2026-01-20,Customer_511,Laptop,Electronics,88583
4739,2026-01-23,Customer_185,Headphones,Electronics,38241
4740,2026-02-17,Customer_167,Mobile,Electronics,78131
4741,2026-04-13,Customer_722,Smartwatch,Electronics,75545
4742,2026-03-09,Customer_203,Headphones,Electronics,49863
4743,2026-02-17,,Speaker,Electronics,69371
4744,2026-04-27,Customer_546,Speaker,Electronics,54606
4745,2026-04-21,Customer_624,Smartwatch,Electronics,84752
4746,2026-01-13,Customer_515,Tablet,Electronics,89158
4747,2026-02-18,Customer_138,,Electronics,567
4748,2026-04-02,Customer_706,Smartwatch,Electronics,8778
4749,2026-04-07,Customer_749,Camera,Electronics,78995
4750,2026-03-16,,Laptop,Electronics,67997
4751,2026-03-26,Customer_566,Speaker,Electronics,83296
4752,2026-01-09,Customer_616,Mobile,Electronics,38179
4753,2026-04-28,Customer_578,Headphones,Electronics,70502
4754,2026-03-04,Customer_800,Smartwatch,Electronics,67755
4755,2026-02-05,Customer_725,Camera,Electronics,44789
4756,2026-02-08,Customer_1,Mobile,Electronics,22827
4757,2026-02-01,Customer_794,Mobile,Electronics,41117
4758,2026-01-31,Customer_435,Camera,Electronics,74921
4759,2026-02-05,Customer_271,Speaker,Electronics,41837
4760,2026-03-18,Customer_286,Camera,Electronics,97382
4761,2026-03-06,Customer_646,Headphones,Electronics,36406
4762,2026-02-26,,,Electronics,18776
4763,2026-04-24,Customer_113,Speaker,Electronics,66522
4764,2026-01-27,Customer_567,,Electronics,46332
4765,2026-03-22,Customer_317,Tablet,Electronics,2140
4766,2026-02-28,Customer_746,Smartwatch,Electronics,97927
4767,2026-01-05,Customer_76,,Electronics,21057
4768,2026-04-28,Customer_658,Headphones,Electronics,90089
4769,2026-01-24,Customer_440,Mobile,Electronics,78974
4770,2026-02-18,Customer_367,Camera,Electronics,57471
4771,2026-03-24,Customer_317,Smartwatch,Electronics,94359
4772,2026-02-24,Customer_439,Speaker,Electronics,70934
4773,2026-03-16,Customer_106,Speaker,Electronics,84599
4774,2026-03-23,Customer_395,Tablet,Electronics,90068
4775,2026-03-14,Customer_166,Mobile,Electronics,49245
4776,2026-02-25,Customer_11,Headphones,Electronics,56991
4777,2026-03-22,Customer_616,Tablet,Electronics,2766
4778,2026-04-08,,Camera,Electronics,64182
4779,2026-01-28,Customer_214,Laptop,Electronics,90965
4780,2026-03-09,Customer_116,Smartwatch,Electronics,38704
4781,2026-02-18,Customer_304,Mobile,Electronics,72440
4782,2026-02-28,Customer_361,Smartwatch,Electronics,92571
4783,2026-04-16,Customer_92,Tablet,Electronics,10290
4784,2026-03-19,Customer_417,Headphones,Electronics,16195
4785,2026-02-15,,Camera,Electronics,12316
4786,2026-04-25,Customer_251,,Electronics,19741
4787,2026-02-09,Customer_790,Camera,Electronics,52961
4788,2026-03-08,Customer_614,Laptop,Electronics,26154
4789,2026-03-09,Customer_350,Headphones,Electronics,33858rs
4790,2026-01-12,Customer_100,Laptop,Electronics,54200
4791,2026-01-23,Customer_228,Camera,Electronics,52601
4792,2026-04-23,Customer_13,Laptop,Electronics,76263
4793,2026-02-25,Customer_445,,Electronics,N/A
4794,2026-04-15,Customer_581,Camera,Electronics,55449
4795,2026-04-22,Customer_440,Camera,Electronics,39935
4796,2026-01-15,Customer_342,Smartwatch,Electronics,17608
4797,2026-01-12,Customer_385,Speaker,Electronics,65797
4798,2026-01-14,Customer_134,Mobile,electronics,95831
4799,2026-03-08,Customer_711,Headphones,Electronics,99019
4800,2026-02-03,Customer_242,Tablet,Electronics,88163
4801,2026-01-24,Customer_639,Smartwatch,Electronics,76455
4802,2026-04-04,Customer_777,Laptop,Electronics,N/A
4803,2026-04-17,Customer_17,Camera,Electronics,1750
4804,2026-01-09,Customer_398,Tablet,Electronics,39029
4805,2026-03-05,Customer_241,Laptop,Electronics,93563
4806,2026-01-03,Customer_594,Tablet,Electronics,5031
4807,2026-02-11,Customer_391,Laptop,Electronics,94491rs
4808,2026-04-21,Customer_452,Laptop,Electronics,89139rs
4809,2026-04-05,Customer_501,Tablet,Electronics,60349
4810,2026-01-21,Customer_393,Headphones,Electronics,6235
4811,2026-03-12,Customer_728,Tablet,Electronics,18944rs
4812,2026-04-23,Customer_372,Camera,Electronics,73964
4813,2026-03-23,Customer_44,Smartwatch,Electronics,74697
4814,2026-03-03,Customer_71,Speaker,Electronics,47122
4815,2026-01-04,,Camera,Electronics,85947
4816,2026-02-10,Customer_421,Speaker,Electronics,81641
4817,2026-04-10,Customer_696,Camera,Electronics,N/A
4818,2026-03-22,Customer_773,Headphones,Electronics,54038
4819,2026-04-21,Customer_73,Speaker,Electronics,98373
4820,2026-03-10,Customer_492,Headphones,electronics,8272
4821,2026-04-03,Customer_312,Speaker,Electronics,58939
4822,2026-03-11,Customer_431,Speaker,Electronics,22175
4823,2026-01-20,Customer_528,Camera,Electronics,24231
4824,2026-02-15,Customer_581,Speaker,Electronics,87226
4825,2026-02-17,Customer_440,Speaker,Electronics,53369
4826,2026-01-31,,Speaker,Electronics,53223
4827,2026-02-24,Customer_476,Headphones,Electronics,22454
4828,2026-01-28,Customer_208,Headphones,Electronics,64931
4829,2026-01-16,Customer_492,Laptop,Electronics,79518rs
4830,2026-04-01,Customer_162,Tablet,Electronics,99335
4831,2026-01-28,Customer_655,Tablet,Electronics,29075
4832,2026-03-07,Customer_29,Smartwatch,Electronics,39678
4833,2026-02-27,Customer_511,Tablet,Electronics,93481
4834,2026-01-15,Customer_300,Laptop,Electronics,13233rs
4835,2026-04-15,Customer_179,Camera,Electronics,63113rs
4836,2026-04-06,Customer_351,Mobile,Electronics,32295
4837,2026-03-21,Customer_278,Laptop,Electronics,80969
4838,2026-04-03,Customer_589,Camera,Electronics,74267
4839,2026-04-22,Customer_68,Camera,Electronics,96818rs
4840,2026-04-17,Customer_113,Laptop,Electronics,27585
4841,2026-02-20,Customer_257,Laptop,Electronics,76277
4842,2026-01-15,Customer_548,Tablet,Electronics,48774
4843,2026-01-14,Customer_37,Headphones,Electronics,16558
4844,2026-01-05,Customer_441,Laptop,Electronics,15448
4845,2026-03-17,Customer_349,Camera,Electronics,86194
4846,2026-01-08,Customer_588,Tablet,Electronics,16080
4847,2026-01-02,Customer_387,Headphones,Electronics,76252
4848,2026-03-29,Customer_14,Speaker,Electronics,2029
4849,2026-01-14,Customer_702,Speaker,Electronics,34530rs
4850,2026-02-19,,Headphones,Electronics,22841
4851,2026-03-27,Customer_228,Laptop,Electronics,91780
4852,2026-01-29,,Camera,Electronics,38133
4853,2026-04-17,Customer_608,Smartwatch,Electronics,45261
4854,2026-01-30,Customer_609,Speaker,Electronics,N/A
4855,2026-03-09,Customer_277,Mobile,Electronics,19525
4856,2026-03-18,Customer_88,Mobile,Electronics,77928
4857,2026-04-24,Customer_176,Tablet,Electronics,91176
4858,2026-03-24,Customer_692,Tablet,Electronics,10541
4859,2026-01-05,Customer_713,Camera,Electronics,9904
4860,2026-04-22,Customer_164,Headphones,Electronics,20556
4861,2026-01-31,Customer_235,Camera,Electronics,76106
4862,2026-03-26,Customer_39,Headphones,Electronics,19024
4863,2026-03-05,Customer_426,Tablet,Electronics,56350
4864,2026-02-01,Customer_753,Laptop,electronics,84848
4865,2026-02-20,Customer_529,Speaker,Electronics,9979
4866,2026-04-29,Customer_623,Tablet,Electronics,59889
4867,2026-04-04,,Tablet,Electronics,N/A
4868,2026-03-05,Customer_691,Camera,Electronics,89162
4869,2026-04-28,Customer_657,Tablet,electronics,1565
4870,2026-01-07,Customer_218,Smartwatch,Electronics,5083
4871,2026-04-19,Customer_556,Speaker,Electronics,55526
4872,2026-03-27,,Laptop,Electronics,33701
4873,2026-04-12,Customer_685,Mobile,electronics,4897rs
4874,2026-01-15,Customer_345,Headphones,Electronics,83286
4875,2026-04-30,Customer_790,Smartwatch,Electronics,40011
4876,2026-03-03,Customer_776,Smartwatch,electronics,40846
4877,2026-04-14,Customer_225,Camera,Electronics,71578
4878,2026-02-18,Customer_633,,Electronics,27489
4879,2026-02-16,Customer_110,Laptop,Electronics,51570rs
4880,2026-03-17,Customer_63,Mobile,Electronics,55211rs
4881,2026-01-18,Customer_725,Laptop,Electronics,98383rs
4882,2026-01-09,Customer_311,Headphones,Electronics,9621
4883,2026-01-21,Customer_792,Headphones,Electronics,66781
4884,2026-04-23,Customer_120,,Electronics,66275
4885,2026-03-13,Customer_275,Camera,Electronics,59022
4886,2026-04-05,Customer_488,,Electronics,97082
4887,2026-01-03,Customer_494,Headphones,Electronics,N/A
4888,2026-01-15,Customer_579,Speaker,Electronics,59940
4889,2026-03-09,Customer_768,Tablet,Electronics,39718
4890,2026-04-26,Customer_462,Tablet,Electronics,N/A
4891,2026-02-08,Customer_703,Headphones,Electronics,96725
4892,2026-02-06,Customer_630,Speaker,Electronics,77680
4893,2026-01-29,,Headphones,Electronics,38678
4894,2026-03-27,Customer_338,Camera,Electronics,40250
4895,2026-03-02,Customer_417,Laptop,Electronics,12271
4896,2026-01-31,Customer_203,Mobile,Electronics,47221
4897,2026-02-26,Customer_728,Smartwatch,Electronics,32477
4898,2026-02-12,Customer_212,Mobile,Electronics,98647
4899,2026-03-26,Customer_233,Tablet,Electronics,64236rs
4900,2026-01-16,Customer_531,Tablet,Electronics,48880
4901,2026-01-29,,Mobile,Electronics,82257
4902,2026-01-07,Customer_174,Camera,Electronics,11640
4903,2026-04-03,,Speaker,Electronics,57935
4904,2026-02-05,Customer_219,Speaker,Electronics,6959
4905,2026-02-15,Customer_441,Laptop,Electronics,37504
4906,2026-01-13,Customer_326,Tablet,Electronics,54011
4907,2026-04-20,Customer_396,Headphones,Electronics,N/A
4908,2026-01-06,Customer_606,Mobile,Electronics,5486
4909,2026-04-27,Customer_723,Smartwatch,Electronics,38206rs
4910,2026-03-11,Customer_372,Camera,Electronics,94738
4911,2026-04-12,Customer_78,Mobile,Electronics,16149
4912,2026-03-15,Customer_234,Headphones,Electronics,54589
4913,2026-03-16,,Headphones,electronics,20570
4914,2026-04-04,Customer_657,Laptop,Electronics,35650
4915,2026-04-24,Customer_133,Speaker,Electronics,74037
4916,2026-04-25,Customer_576,Headphones,Electronics,60403
4917,2026-01-31,Customer_257,Tablet,Electronics,2398
4918,2026-03-05,Customer_116,Speaker,Electronics,46880
4919,2026-03-13,Customer_677,Camera,Electronics,38034
4920,2026-02-07,Customer_134,Laptop,Electronics,3721
4921,2026-02-10,Customer_217,Laptop,Electronics,61578
4922,2026-01-20,Customer_757,Tablet,Electronics,85220
4923,2026-01-24,Customer_772,Headphones,Electronics,74104
4924,2026-01-17,Customer_488,Headphones,Electronics,61133
4925,2026-04-06,Customer_784,Camera,Electronics,31453
4926,2026-01-01,Customer_461,Smartwatch,Electronics,89042
4927,2026-04-24,Customer_567,Mobile,Electronics,40234
4928,2026-02-26,Customer_508,Mobile,Electronics,67886
4929,2026-04-12,Customer_451,Smartwatch,Electronics,7551
4930,2026-03-23,Customer_266,Camera,Electronics,81579
4931,2026-01-23,Customer_223,Tablet,Electronics,20441
4932,2026-04-27,Customer_792,Headphones,Electronics,60651
4933,2026-01-25,Customer_722,Camera,Electronics,N/A
4934,2026-03-27,Customer_174,Headphones,Electronics,57883rs
4935,2026-04-29,Customer_11,Speaker,Electronics,49624
4936,2026-02-18,Customer_174,Laptop,Electronics,23697
4937,2026-02-17,Customer_700,Speaker,Electronics,7296
4938,2026-02-08,Customer_164,Camera,Electronics,43230
4939,2026-03-06,Customer_47,Laptop,Electronics,39147
4940,2026-03-01,Customer_755,Speaker,Electronics,4271
4941,2026-03-17,Customer_487,Mobile,Electronics,61310
4942,2026-04-06,Customer_735,Headphones,Electronics,89535
4943,2026-02-11,Customer_34,Smartwatch,Electronics,12756
4944,2026-01-12,Customer_297,Tablet,Electronics,41198
4945,2026-04-02,Customer_383,Mobile,Electronics,11026rs
4946,2026-01-17,Customer_795,Headphones,Electronics,N/A
4947,2026-02-14,Customer_260,Tablet,Electronics,31372
4948,2026-04-02,Customer_405,Laptop,Electronics,95949
4949,2026-04-15,Customer_275,Laptop,Electronics,5079
4950,2026-03-09,Customer_393,Smartwatch,Electronics,4230
4951,2026-03-28,Customer_574,Headphones,Electronics,75593
4952,2026-03-01,Customer_756,Smartwatch,Electronics,85333
4953,2026-04-17,Customer_202,Laptop,Electronics,65988
4954,2026-03-24,Customer_546,Camera,Electronics,42999
4955,2026-04-09,Customer_510,Headphones,Electronics,N/A
4956,2026-01-07,Customer_34,Laptop,Electronics,54305
4957,2026-01-20,Customer_506,,Electronics,96926
4958,2026-01-18,Customer_141,Smartwatch,Electronics,44982
4959,2026-03-28,Customer_444,Laptop,Electronics,N/A
4960,2026-03-21,Customer_170,Tablet,Electronics,15644
4961,2026-03-17,Customer_316,Smartwatch,Electronics,61292
4962,2026-01-20,Customer_557,Camera,Electronics,N/Ars
4963,2026-01-28,Customer_216,Headphones,Electronics,97292
4964,2026-04-23,Customer_610,Tablet,Electronics,78077
4965,2026-02-08,Customer_96,Mobile,Electronics,28254
4966,2026-01-01,Customer_692,,Electronics,9135
4967,2026-04-29,Customer_4,Tablet,Electronics,47422
4968,2026-04-02,Customer_748,Camera,Electronics,96608
4969,2026-01-12,Customer_150,Mobile,Electronics,79186
4970,2026-04-27,Customer_585,Mobile,Electronics,98787
4971,2026-02-13,Customer_145,Mobile,Electronics,N/A
4972,2026-02-20,Customer_288,Camera,Electronics,51060
4973,2026-01-10,Customer_278,Headphones,Electronics,74770
4974,2026-04-04,Customer_31,Smartwatch,Electronics,14935
4975,2026-03-18,Customer_381,Laptop,Electronics,N/A
4976,2026-02-06,Customer_137,Headphones,Electronics,69488
4977,2026-03-20,Customer_28,Headphones,Electronics,56353
4978,2026-01-09,Customer_774,Smartwatch,electronics,35962
4979,2026-02-06,Customer_304,,Electronics,67440
4980,2026-03-27,Customer_389,Tablet,Electronics,61563
4981,2026-04-15,Customer_714,Mobile,Electronics,52112
4982,2026-03-26,Customer_236,Camera,Electronics,72350
4983,2026-03-03,Customer_172,Speaker,Electronics,35683
4984,2026-01-31,Customer_256,Tablet,Electronics,68601
4985,2026-03-17,Customer_613,,Electronics,72344
4986,2026-03-06,Customer_217,,Electronics,28049
4987,2026-03-06,Customer_538,Smartwatch,Electronics,79912
4988,2026-04-14,Customer_173,Speaker,Electronics,56787
4989,2026-01-20,Customer_284,Camera,Electronics,33267
4990,2026-02-05,Customer_633,Speaker,Electronics,18531
4991,2026-01-21,Customer_406,Speaker,Electronics,50126
4992,2026-04-20,Customer_795,Speaker,Electronics,44163
4993,2026-04-17,Customer_202,Camera,Electronics,27432
4994,2026-03-29,Customer_509,Headphones,Electronics,60497
4995,2026-04-19,Customer_106,Headphones,Electronics,79054
4996,2026-03-12,Customer_421,Smartwatch,Electronics,61158
4997,2026-03-31,Customer_451,Camera,Electronics,94424
4998,2026-01-04,Customer_409,Laptop,Electronics,69021
4999,2026-03-06,Customer_531,Laptop,Electronics,20916
5000,2026-04-29,Customer_775,Speaker,Electronics,N/A
652,2026-01-07,Customer_609,Camera,Electronics,77485
3770,2026-04-01,Customer_117,Camera,Electronics,74725
850,2026-03-28,Customer_683,,Electronics,25619
3914,2026-04-20,Customer_57,Headphones,Electronics,63963
4242,2026-03-25,Customer_486,Headphones,Electronics,53677
3787,2026-04-15,Customer_351,Laptop,Electronics,89579
2336,2026-04-11,Customer_105,Mobile,Electronics,64377
3153,2026-01-04,Customer_205,Tablet,Electronics,73574
4192,2026-04-20,Customer_236,Laptop,Electronics,78807
1965,2026-02-04,Customer_182,Smartwatch,Electronics,35362
1470,2026-01-30,Customer_536,Speaker,Electronics,34506
4791,2026-01-23,Customer_228,Camera,Electronics,52601
4562,2026-02-19,Customer_137,Mobile,Electronics,62545
4224,2026-01-22,Customer_685,Smartwatch,Electronics,94561
840,2026-03-18,Customer_329,Mobile,Electronics,89111
2426,2026-02-18,Customer_629,Camera,Electronics,30386
4652,2026-03-27,Customer_500,Mobile,Electronics,57086rs
3128,2026-02-24,,Mobile,Electronics,N/A
3469,2026-03-15,Customer_293,Smartwatch,Electronics,58112
2132,2026-03-01,Customer_130,Laptop,electronics,722
971,2026-04-10,Customer_288,Headphones,Electronics,32766
608,2026-01-13,Customer_647,Laptop,Electronics,39203
2604,2026-01-25,Customer_671,Speaker,Electronics,32544
1888,2026-03-17,Customer_686,Speaker,Electronics,15030
2749,2026-04-22,Customer_101,,Electronics,58790
712,2026-01-04,Customer_56,Mobile,Electronics,15380
3819,2026-01-26,Customer_114,Laptop,Electronics,70511
4244,2026-04-01,Customer_74,Smartwatch,electronics,92072
70,2026-03-02,Customer_421,Headphones,Electronics,47646
3707,2026-02-06,Customer_755,Tablet,Electronics,18164
1042,2026-01-05,Customer_620,Tablet,Electronics,69750
736,2026-03-19,Customer_115,Headphones,Electronics,90861
4104,2026-01-14,Customer_795,Speaker,Electronics,46838
2648,2026-04-14,Customer_699,Mobile,Electronics,46784
1474,2026-04-15,Customer_726,Laptop,Electronics,45581
308,2026-01-27,Customer_46,Speaker,Electronics,N/A
1858,2026-01-12,Customer_50,Speaker,Electronics,5489
1087,2026-02-06,Customer_89,Mobile,Electronics,58550
4911,2026-04-12,Customer_78,Mobile,Electronics,16149
2235,2026-02-22,Customer_691,Headphones,Electronics,N/Ars
3674,2026-02-14,Customer_8,,Electronics,45332
4333,2026-01-02,Customer_92,,Electronics,68701
3471,2026-03-29,Customer_338,Laptop,Electronics,73814
1876,2026-04-03,Customer_383,Mobile,Electronics,53412
242,2026-02-01,Customer_235,Headphones,Electronics,4610
2407,2026-04-22,Customer_183,Laptop,Electronics,44484
992,2026-01-08,Customer_754,Mobile,Electronics,56663
4072,2026-01-10,Customer_523,Mobile,Electronics,42272
4801,2026-01-24,Customer_639,Smartwatch,Electronics,76455
291,2026-04-24,Customer_479,Speaker,Electronics,5128
2885,2026-03-16,Customer_662,Smartwatch,Electronics,76321
703,2026-02-05,Customer_231,Headphones,Electronics,1723
2706,2026-01-10,Customer_758,Camera,Electronics,38294
1495,2026-02-01,Customer_276,Speaker,Electronics,1745
3723,2026-02-12,Customer_39,Laptop,Electronics,90805
4067,2026-02-25,Customer_509,Tablet,Electronics,25111
2823,2026-03-25,Customer_423,Headphones,Electronics,93102
4127,2026-03-22,Customer_229,Headphones,Electronics,35451
3590,2026-04-20,Customer_323,,Electronics,89071
3410,2026-05-01,Customer_657,Headphones,Electronics,11700
744,2026-03-15,Customer_741,Smartwatch,Electronics,30057
4202,2026-02-02,Customer_173,Camera,Electronics,72193
3142,2026-01-06,Customer_137,Laptop,Electronics,48124
3130,2026-03-03,Customer_487,Smartwatch,electronics,99268
4780,2026-03-09,Customer_116,Smartwatch,Electronics,38704
2191,2026-01-23,Customer_667,Smartwatch,Electronics,78299
166,2026-04-05,Customer_92,Mobile,Electronics,30512
4444,2026-04-13,Customer_577,Mobile,Electronics,8446
3702,2026-04-22,Customer_438,Speaker,Electronics,60977
2217,2026-01-26,,Laptop,Electronics,26818
2700,2026-03-24,Customer_622,Mobile,Electronics,1780
1893,2026-01-29,Customer_736,Mobile,Electronics,20315
354,2026-01-19,Customer_148,Speaker,Electronics,29201
1576,2026-04-29,Customer_265,Speaker,Electronics,N/A
2943,2026-03-30,Customer_775,Mobile,Electronics,36687
1961,2026-03-12,Customer_735,Smartwatch,Electronics,95633
3767,2026-04-17,Customer_289,Mobile,Electronics,74428
191,2026-02-09,Customer_326,Speaker,Electronics,4118
895,2026-02-06,Customer_324,Headphones,Electronics,595
2488,2026-01-29,Customer_388,Tablet,Electronics,68062
837,2026-01-19,Customer_117,Camera,Electronics,86471
124,2026-03-11,Customer_322,Speaker,Electronics,32575
1340,2026-04-02,Customer_615,Mobile,Electronics,72284
1207,2026-04-29,Customer_356,Headphones,Electronics,13225
1063,2026-04-19,Customer_595,Tablet,Electronics,27410rs
1267,2026-04-04,Customer_414,Mobile,Electronics,89249
4262,2026-01-31,Customer_514,Laptop,Electronics,21097
741,2026-01-05,Customer_65,Headphones,Electronics,64557
2268,2026-04-06,Customer_556,Speaker,Electronics,N/A
3701,2026-03-15,Customer_620,Camera,Electronics,96564
580,2026-03-26,Customer_669,Speaker,Electronics,20182
4083,2026-04-19,Customer_589,,Electronics,58341
4194,2026-03-19,Customer_30,Headphones,Electronics,16221
58,2026-03-01,Customer_255,Smartwatch,Electronics,63108
1187,2026-04-16,Customer_441,Tablet,Electronics,N/A
591,2026-04-24,Customer_197,Laptop,Electronics,27762
1594,2026-02-02,Customer_201,Mobile,Electronics,N/A
1587,2026-03-14,,Smartwatch,Electronics,80837
4117,2026-02-03,Customer_60,Tablet,Electronics,31026
4842,2026-01-15,Customer_548,Tablet,Electronics,48774
807,2026-03-22,,,Electronics,74141
2051,2026-03-18,Customer_100,Camera,Electronics,8625
2770,2026-03-09,Customer_52,Mobile,Electronics,N/A
4815,2026-01-04,,Camera,Electronics,85947
1185,2026-01-15,Customer_729,Camera,Electronics,34890
3209,2026-04-22,Customer_388,Tablet,Electronics,92453
4255,2026-04-04,Customer_92,Headphones,Electronics,22909
3437,2026-01-19,Customer_110,Tablet,Electronics,17216
39,2026-04-19,Customer_189,Laptop,Electronics,84367rs
3895,2026-01-10,Customer_674,,Electronics,23343
19,2026-03-28,Customer_298,Smartwatch,Electronics,59908
2100,2026-01-03,Customer_112,Mobile,Electronics,62773
15,2026-02-07,Customer_5,Camera,Electronics,76552
1062,2026-02-05,Customer_622,Speaker,Electronics,97885
1799,2026-03-13,Customer_262,Headphones,Electronics,87635
4542,2026-01-16,Customer_164,Headphones,Electronics,80219
2054,2026-01-23,Customer_32,Camera,Electronics,594
373,2026-01-23,Customer_217,Headphones,Electronics,84223
4091,2026-04-29,Customer_475,Smartwatch,Electronics,61937
3000,2026-01-18,Customer_711,Tablet,Electronics,20223
2921,2026-01-04,Customer_336,Laptop,Electronics,31051rs
3694,2026-02-17,Customer_74,Camera,Electronics,58457
1681,2026-04-27,Customer_372,Smartwatch,Electronics,67703
1823,2026-01-24,Customer_687,,Electronics,41247
2263,2026-04-30,Customer_452,Speaker,Electronics,35010
2461,2026-03-11,Customer_784,Tablet,Electronics,82977
929,2026-01-01,Customer_465,Speaker,Electronics,20234
3137,2026-02-24,Customer_220,Tablet,Electronics,28423
372,2026-04-05,Customer_120,Tablet,Electronics,65127
3993,2026-01-22,Customer_375,Speaker,Electronics,94078
3813,2026-01-28,Customer_161,Speaker,Electronics,70905
31,2026-03-27,Customer_2,Smartwatch,Electronics,66034
4002,2026-04-01,Customer_307,Camera,Electronics,61986
4763,2026-04-24,Customer_113,Speaker,Electronics,66522
1375,2026-03-02,Customer_50,Mobile,Electronics,11301
21,2026-04-20,Customer_641,Laptop,Electronics,51003
1851,2026-02-02,Customer_137,Camera,Electronics,49958
2965,2026-01-21,Customer_136,Smartwatch,Electronics,78496
1591,2026-04-07,Customer_415,Speaker,Electronics,82988
3126,2026-03-21,Customer_6,Smartwatch,Electronics,11742
339,2026-04-10,Customer_787,Smartwatch,Electronics,37935
258,2026-04-28,Customer_769,Laptop,electronics,94828
2998,2026-02-12,Customer_575,Headphones,Electronics,68224
4324,2026-04-24,Customer_322,Camera,Electronics,25327
3909,2026-01-03,Customer_31,Tablet,Electronics,72592
4523,2026-04-01,Customer_176,Smartwatch,electronics,11268
1409,2026-03-10,Customer_397,Laptop,Electronics,80984
1452,2026-01-10,Customer_428,Smartwatch,Electronics,95686
3729,2026-03-03,Customer_291,Smartwatch,Electronics,18004
767,2026-01-14,Customer_183,Speaker,Electronics,35843
595,2026-04-26,Customer_105,Camera,Electronics,37937
937,2026-03-26,Customer_63,Speaker,Electronics,42188
4400,2026-03-30,Customer_699,Mobile,Electronics,17729
785,2026-04-09,Customer_214,Headphones,Electronics,68283
1631,2026-03-10,Customer_137,Laptop,Electronics,N/A
972,2026-02-06,Customer_115,Laptop,Electronics,80910
3461,2026-03-18,Customer_799,Speaker,Electronics,40250
597,2026-02-20,Customer_713,Speaker,Electronics,76116
4655,2026-01-18,Customer_45,Smartwatch,Electronics,85804
3580,2026-04-27,Customer_258,Speaker,Electronics,63830
1620,2026-03-12,Customer_89,Mobile,Electronics,49534
713,2026-03-21,,Mobile,Electronics,87292
4678,2026-02-03,Customer_404,Mobile,Electronics,60382
4850,2026-02-19,,Headphones,Electronics,22841
3947,2026-01-31,Customer_524,Tablet,Electronics,64310
3087,2026-04-25,Customer_164,Smartwatch,Electronics,69055
2517,2026-01-18,Customer_764,Mobile,Electronics,12326
1046,2026-04-09,Customer_329,Camera,Electronics,36375
3342,2026-03-13,Customer_350,Laptop,Electronics,20821
2803,2026-01-04,,Mobile,Electronics,60881rs
1219,2026-02-08,Customer_294,Mobile,Electronics,81540
4483,2026-02-24,Customer_90,Speaker,Electronics,87070
2972,2026-04-03,Customer_296,Mobile,Electronics,66598
4411,2026-02-15,Customer_656,Speaker,Electronics,62441
4256,2026-04-10,Customer_728,Headphones,Electronics,93186
1193,2026-01-22,Customer_759,Tablet,Electronics,34123
2499,2026-02-24,Customer_4,Laptop,Electronics,2897
3157,2026-03-01,Customer_548,,Electronics,58091
1382,2026-02-09,Customer_766,Smartwatch,Electronics,84390
772,2026-01-24,Customer_309,Mobile,Electronics,76125
4161,2026-01-10,Customer_595,Smartwatch,Electronics,294
3704,2026-03-16,Customer_313,Speaker,Electronics,98868
3344,2026-04-25,Customer_797,Camera,electronics,74636
4243,2026-04-27,Customer_697,Smartwatch,Electronics,6357
1821,2026-01-03,Customer_441,Mobile,Electronics,18932
2675,2026-04-21,Customer_372,Headphones,Electronics,86812
3025,2026-01-15,Customer_791,Tablet,Electronics,62836
3937,2026-01-19,Customer_157,Speaker,Electronics,N/A
4607,2026-04-22,Customer_47,Mobile,Electronics,N/A
3449,2026-03-10,Customer_681,Tablet,Electronics,95050
3343,2026-03-10,,Speaker,Electronics,78170
304,2026-04-22,Customer_474,Laptop,Electronics,47329
2248,2026-04-09,Customer_312,Speaker,Electronics,89923
2154,2026-02-26,,Mobile,Electronics,1359rs
655,2026-02-08,Customer_395,Laptop,Electronics,18991
977,2026-02-04,Customer_285,Headphones,Electronics,11705
4748,2026-04-02,Customer_706,Smartwatch,Electronics,8778
1055,2026-05-01,Customer_26,Laptop,Electronics,81773
2155,2026-03-22,Customer_210,Camera,Electronics,76529
2006,2026-02-08,Customer_273,Speaker,Electronics,68008
